ID_Movimiento,Tipo_Unidad,Tiempo_Operacion_min
MOV-00001,Contenedor_Lleno,17.13
MOV-00002,Contenedor_Lleno,16.75
MOV-00003,Medio_Contenedor,17.28
MOV-00004,Contenedor_Lleno,12.41
MOV-00005,Contenedor_Lleno,19.45
MOV-00006,Contenedor_Lleno,18.76
MOV-00007,Medio_Contenedor,18.38
MOV-00008,Contenedor_Lleno,14.38
MOV-00009,Contenedor_Lleno,16.62
MOV-00010,Medio_Contenedor,17.63
MOV-00011,Contenedor_Lleno,15.96
MOV-00012,Contenedor_Lleno,14.96
MOV-00013,Contenedor_Lleno,10.6
MOV-00014,Contenedor_Lleno,16.3
MOV-00015,Contenedor_Lleno,17.19
MOV-00016,Medio_Contenedor,17.09
MOV-00017,Contenedor_Lleno,18.41
MOV-00018,Contenedor_Lleno,13.12
MOV-00019,Contenedor_Lleno,16.32
MOV-00020,Contenedor_Lleno,16.11
MOV-00021,Contenedor_Lleno,18.13
MOV-00022,Contenedor_Lleno,13.74
MOV-00023,Contenedor_Lleno,20.47
MOV-00024,Medio_Contenedor,17.72
MOV-00025,Contenedor_Lleno,13.92
MOV-00026,Medio_Contenedor,17.79
MOV-00027,Medio_Contenedor,21.28
MOV-00028,Contenedor_Lleno,16.02
MOV-00029,Contenedor_Lleno,12.92
MOV-00030,Contenedor_Lleno,11.87
MOV-00031,Contenedor_Lleno,17.58
MOV-00032,Contenedor_Lleno,16.78
MOV-00033,Contenedor_Lleno,15.19
MOV-00034,Contenedor_Lleno,14.56
MOV-00035,Contenedor_Lleno,11.09
MOV-00036,Medio_Contenedor,13.74
MOV-00037,Contenedor_Lleno,16.03
MOV-00038,Contenedor_Lleno,16.45
MOV-00039,Medio_Contenedor,19.5
MOV-00040,Contenedor_Lleno,13.38
MOV-00041,Contenedor_Lleno,12.18
MOV-00042,Contenedor_Lleno,14.71
MOV-00043,Contenedor_Lleno,12.51
MOV-00044,Contenedor_Lleno,19.83
MOV-00045,Contenedor_Lleno,19.17
MOV-00046,Contenedor_Lleno,10.87
MOV-00047,Contenedor_Lleno,15.47
MOV-00048,Contenedor_Lleno,14.21
MOV-00049,Contenedor_Lleno,13.75
MOV-00050,Contenedor_Lleno,17.89
MOV-00051,Contenedor_Lleno,15.26
MOV-00052,Contenedor_Lleno,20.1
MOV-00053,Contenedor_Lleno,12.69
MOV-00054,Contenedor_Lleno,14.7
MOV-00055,Contenedor_Lleno,13.95
MOV-00056,Contenedor_Lleno,16.81
MOV-00057,Contenedor_Lleno,13.91
MOV-00058,Contenedor_Lleno,15.98
MOV-00059,Contenedor_Lleno,15.24
MOV-00060,Contenedor_Lleno,14.13
MOV-00061,Medio_Contenedor,17.89
MOV-00062,Contenedor_Lleno,16.46
MOV-00063,Contenedor_Lleno,12.84
MOV-00064,Contenedor_Lleno,16.17
MOV-00065,Contenedor_Lleno,14.36
MOV-00066,Contenedor_Lleno,14.26
MOV-00067,Contenedor_Lleno,11.92
MOV-00068,Medio_Contenedor,15.76
MOV-00069,Contenedor_Lleno,17.92
MOV-00070,Contenedor_Lleno,19.64
MOV-00071,Contenedor_Lleno,16.4
MOV-00072,Contenedor_Lleno,16.22
MOV-00073,Contenedor_Lleno,12.51
MOV-00074,Contenedor_Lleno,18.14
MOV-00075,Contenedor_Lleno,14.84
MOV-00076,Contenedor_Lleno,14.57
MOV-00077,Contenedor_Lleno,17.48
MOV-00078,Contenedor_Lleno,19.51
MOV-00079,Contenedor_Lleno,17.07
MOV-00080,Contenedor_Lleno,11.57
MOV-00081,Contenedor_Lleno,19.63
MOV-00082,Medio_Contenedor,23.18
MOV-00083,Contenedor_Lleno,16.4
MOV-00084,Medio_Contenedor,17.92
MOV-00085,Contenedor_Lleno,14.49
MOV-00086,Contenedor_Lleno,20.63
MOV-00087,Contenedor_Lleno,15.66
MOV-00088,Contenedor_Lleno,17.77
MOV-00089,Medio_Contenedor,20.14
MOV-00090,Contenedor_Lleno,19.34
MOV-00091,Contenedor_Lleno,12.08
MOV-00092,Contenedor_Lleno,17.64
MOV-00093,Contenedor_Lleno,17.18
MOV-00094,Contenedor_Lleno,15.66
MOV-00095,Contenedor_Lleno,17.04
MOV-00096,Contenedor_Lleno,14.58
MOV-00097,Medio_Contenedor,16.28
MOV-00098,Medio_Contenedor,20.55
MOV-00099,Contenedor_Lleno,15.75
MOV-00100,Contenedor_Lleno,13.34
MOV-00101,Contenedor_Lleno,12.71
MOV-00102,Medio_Contenedor,12.27
MOV-00103,Contenedor_Lleno,12.46
MOV-00104,Contenedor_Lleno,14.56
MOV-00105,Contenedor_Lleno,15.19
MOV-00106,Contenedor_Lleno,16.93
MOV-00107,Contenedor_Lleno,16.74
MOV-00108,Medio_Contenedor,21.0
MOV-00109,Contenedor_Lleno,13.34
MOV-00110,Medio_Contenedor,21.15
MOV-00111,Contenedor_Lleno,13.47
MOV-00112,Contenedor_Lleno,12.53
MOV-00113,Contenedor_Lleno,15.43
MOV-00114,Medio_Contenedor,21.79
MOV-00115,Medio_Contenedor,18.74
MOV-00116,Contenedor_Lleno,11.66
MOV-00117,Medio_Contenedor,23.45
MOV-00118,Medio_Contenedor,17.83
MOV-00119,Contenedor_Lleno,19.17
MOV-00120,Contenedor_Lleno,18.76
MOV-00121,Medio_Contenedor,18.43
MOV-00122,Contenedor_Lleno,13.65
MOV-00123,Contenedor_Lleno,14.11
MOV-00124,Contenedor_Lleno,13.01
MOV-00125,Medio_Contenedor,15.78
MOV-00126,Contenedor_Lleno,15.72
MOV-00127,Contenedor_Lleno,15.4
MOV-00128,Contenedor_Lleno,20.21
MOV-00129,Contenedor_Lleno,18.52
MOV-00130,Contenedor_Lleno,12.15
MOV-00131,Contenedor_Lleno,11.56
MOV-00132,Contenedor_Lleno,17.79
MOV-00133,Contenedor_Lleno,16.31
MOV-00134,Contenedor_Lleno,12.19
MOV-00135,Contenedor_Lleno,13.49
MOV-00136,Contenedor_Lleno,15.74
MOV-00137,Medio_Contenedor,22.06
MOV-00138,Contenedor_Lleno,15.64
MOV-00139,Contenedor_Lleno,13.95
MOV-00140,Contenedor_Lleno,12.07
MOV-00141,Medio_Contenedor,16.37
MOV-00142,Contenedor_Lleno,19.43
MOV-00143,Contenedor_Lleno,18.01
MOV-00144,Contenedor_Lleno,17.7
MOV-00145,Contenedor_Lleno,18.19
MOV-00146,Contenedor_Lleno,12.37
MOV-00147,Medio_Contenedor,17.78
MOV-00148,Contenedor_Lleno,15.09
MOV-00149,Contenedor_Lleno,16.39
MOV-00150,Medio_Contenedor,21.36
MOV-00151,Contenedor_Lleno,16.62
MOV-00152,Contenedor_Lleno,14.46
MOV-00153,Contenedor_Lleno,12.67
MOV-00154,Medio_Contenedor,17.85
MOV-00155,Contenedor_Lleno,11.37
MOV-00156,Contenedor_Lleno,15.7
MOV-00157,Contenedor_Lleno,18.0
MOV-00158,Contenedor_Lleno,15.5
MOV-00159,Contenedor_Lleno,18.79
MOV-00160,Contenedor_Lleno,17.56
MOV-00161,Contenedor_Lleno,13.93
MOV-00162,Contenedor_Lleno,13.32
MOV-00163,Contenedor_Lleno,14.08
MOV-00164,Contenedor_Lleno,17.06
MOV-00165,Contenedor_Lleno,16.01
MOV-00166,Contenedor_Lleno,19.78
MOV-00167,Medio_Contenedor,12.75
MOV-00168,Contenedor_Lleno,13.22
MOV-00169,Contenedor_Lleno,12.76
MOV-00170,Contenedor_Lleno,16.94
MOV-00171,Medio_Contenedor,19.26
MOV-00172,Contenedor_Lleno,15.26
MOV-00173,Contenedor_Lleno,17.8
MOV-00174,Medio_Contenedor,16.39
MOV-00175,Contenedor_Lleno,16.41
MOV-00176,Contenedor_Lleno,18.59
MOV-00177,Contenedor_Lleno,13.2
MOV-00178,Contenedor_Lleno,18.62
MOV-00179,Medio_Contenedor,19.41
MOV-00180,Contenedor_Lleno,18.04
MOV-00181,Contenedor_Lleno,18.0
MOV-00182,Contenedor_Lleno,18.29
MOV-00183,Medio_Contenedor,17.47
MOV-00184,Contenedor_Lleno,11.62
MOV-00185,Contenedor_Lleno,16.62
MOV-00186,Medio_Contenedor,15.78
MOV-00187,Contenedor_Lleno,15.5
MOV-00188,Contenedor_Lleno,11.98
MOV-00189,Contenedor_Lleno,21.21
MOV-00190,Contenedor_Lleno,18.09
MOV-00191,Contenedor_Lleno,12.3
MOV-00192,Medio_Contenedor,18.86
MOV-00193,Contenedor_Lleno,18.47
MOV-00194,Contenedor_Lleno,13.68
MOV-00195,Contenedor_Lleno,16.94
MOV-00196,Contenedor_Lleno,14.01
MOV-00197,Contenedor_Lleno,17.12
MOV-00198,Medio_Contenedor,18.49
MOV-00199,Contenedor_Lleno,12.58
MOV-00200,Contenedor_Lleno,10.93
MOV-00201,Medio_Contenedor,17.79
MOV-00202,Contenedor_Lleno,17.63
MOV-00203,Contenedor_Lleno,17.81
MOV-00204,Contenedor_Lleno,15.78
MOV-00205,Contenedor_Lleno,16.03
MOV-00206,Contenedor_Lleno,16.27
MOV-00207,Contenedor_Lleno,12.02
MOV-00208,Contenedor_Lleno,16.77
MOV-00209,Contenedor_Lleno,15.92
MOV-00210,Contenedor_Lleno,15.11
MOV-00211,Contenedor_Lleno,15.56
MOV-00212,Contenedor_Lleno,16.81
MOV-00213,Contenedor_Lleno,17.35
MOV-00214,Medio_Contenedor,16.41
MOV-00215,Contenedor_Lleno,13.58
MOV-00216,Contenedor_Lleno,18.34
MOV-00217,Contenedor_Lleno,11.05
MOV-00218,Contenedor_Lleno,18.69
MOV-00219,Contenedor_Lleno,16.69
MOV-00220,Contenedor_Lleno,13.26
MOV-00221,Contenedor_Lleno,14.59
MOV-00222,Contenedor_Lleno,16.68
MOV-00223,Contenedor_Lleno,11.91
MOV-00224,Medio_Contenedor,19.24
MOV-00225,Medio_Contenedor,22.62
MOV-00226,Contenedor_Lleno,17.21
MOV-00227,Contenedor_Lleno,15.08
MOV-00228,Contenedor_Lleno,14.9
MOV-00229,Medio_Contenedor,14.95
MOV-00230,Contenedor_Lleno,16.4
MOV-00231,Contenedor_Lleno,18.92
MOV-00232,Contenedor_Lleno,17.07
MOV-00233,Contenedor_Lleno,17.06
MOV-00234,Contenedor_Lleno,17.46
MOV-00235,Contenedor_Lleno,15.78
MOV-00236,Contenedor_Lleno,16.76
MOV-00237,Medio_Contenedor,14.59
MOV-00238,Contenedor_Lleno,16.8
MOV-00239,Contenedor_Lleno,14.1
MOV-00240,Contenedor_Lleno,16.18
MOV-00241,Contenedor_Lleno,18.16
MOV-00242,Contenedor_Lleno,18.61
MOV-00243,Contenedor_Lleno,13.21
MOV-00244,Contenedor_Lleno,17.84
MOV-00245,Contenedor_Lleno,10.96
MOV-00246,Contenedor_Lleno,11.52
MOV-00247,Contenedor_Lleno,13.99
MOV-00248,Contenedor_Lleno,18.88
MOV-00249,Contenedor_Lleno,17.88
MOV-00250,Contenedor_Lleno,17.06
MOV-00251,Medio_Contenedor,14.41
MOV-00252,Contenedor_Lleno,18.85
MOV-00253,Medio_Contenedor,24.68
MOV-00254,Contenedor_Lleno,20.48
MOV-00255,Contenedor_Lleno,12.99
MOV-00256,Contenedor_Lleno,15.47
MOV-00257,Contenedor_Lleno,13.94
MOV-00258,Contenedor_Lleno,15.33
MOV-00259,Contenedor_Lleno,14.85
MOV-00260,Contenedor_Lleno,15.56
MOV-00261,Contenedor_Lleno,15.92
MOV-00262,Contenedor_Lleno,16.56
MOV-00263,Contenedor_Lleno,10.56
MOV-00264,Contenedor_Lleno,16.59
MOV-00265,Contenedor_Lleno,13.85
MOV-00266,Medio_Contenedor,18.07
MOV-00267,Contenedor_Lleno,17.92
MOV-00268,Contenedor_Lleno,13.26
MOV-00269,Contenedor_Lleno,12.73
MOV-00270,Medio_Contenedor,16.71
MOV-00271,Contenedor_Lleno,15.44
MOV-00272,Contenedor_Lleno,16.58
MOV-00273,Contenedor_Lleno,15.44
MOV-00274,Contenedor_Lleno,16.7
MOV-00275,Contenedor_Lleno,15.51
MOV-00276,Contenedor_Lleno,16.01
MOV-00277,Contenedor_Lleno,19.03
MOV-00278,Medio_Contenedor,20.0
MOV-00279,Medio_Contenedor,15.42
MOV-00280,Contenedor_Lleno,17.23
MOV-00281,Contenedor_Lleno,12.95
MOV-00282,Contenedor_Lleno,13.44
MOV-00283,Contenedor_Lleno,14.28
MOV-00284,Contenedor_Lleno,18.58
MOV-00285,Contenedor_Lleno,14.85
MOV-00286,Contenedor_Lleno,10.51
MOV-00287,Medio_Contenedor,18.61
MOV-00288,Contenedor_Lleno,15.92
MOV-00289,Contenedor_Lleno,19.3
MOV-00290,Contenedor_Lleno,14.36
MOV-00291,Contenedor_Lleno,14.91
MOV-00292,Medio_Contenedor,17.95
MOV-00293,Medio_Contenedor,16.97
MOV-00294,Contenedor_Lleno,12.27
MOV-00295,Contenedor_Lleno,16.62
MOV-00296,Contenedor_Lleno,19.25
MOV-00297,Contenedor_Lleno,13.91
MOV-00298,Contenedor_Lleno,16.25
MOV-00299,Medio_Contenedor,15.49
MOV-00300,Contenedor_Lleno,15.34
MOV-00301,Contenedor_Lleno,17.04
MOV-00302,Contenedor_Lleno,13.16
MOV-00303,Contenedor_Lleno,16.65
MOV-00304,Contenedor_Lleno,16.45
MOV-00305,Contenedor_Lleno,13.66
MOV-00306,Contenedor_Lleno,16.32
MOV-00307,Contenedor_Lleno,11.98
MOV-00308,Contenedor_Lleno,15.69
MOV-00309,Medio_Contenedor,24.59
MOV-00310,Contenedor_Lleno,12.47
MOV-00311,Contenedor_Lleno,18.08
MOV-00312,Contenedor_Lleno,14.95
MOV-00313,Contenedor_Lleno,17.26
MOV-00314,Contenedor_Lleno,15.35
MOV-00315,Contenedor_Lleno,15.45
MOV-00316,Contenedor_Lleno,15.51
MOV-00317,Contenedor_Lleno,15.84
MOV-00318,Contenedor_Lleno,16.47
MOV-00319,Contenedor_Lleno,14.98
MOV-00320,Contenedor_Lleno,13.7
MOV-00321,Contenedor_Lleno,16.01
MOV-00322,Contenedor_Lleno,15.7
MOV-00323,Contenedor_Lleno,12.25
MOV-00324,Contenedor_Lleno,16.4
MOV-00325,Contenedor_Lleno,19.75
MOV-00326,Contenedor_Lleno,14.04
MOV-00327,Contenedor_Lleno,15.86
MOV-00328,Medio_Contenedor,18.68
MOV-00329,Medio_Contenedor,16.97
MOV-00330,Medio_Contenedor,18.23
MOV-00331,Medio_Contenedor,22.82
MOV-00332,Contenedor_Lleno,15.09
MOV-00333,Medio_Contenedor,19.41
MOV-00334,Contenedor_Lleno,17.37
MOV-00335,Contenedor_Lleno,12.74
MOV-00336,Medio_Contenedor,18.56
MOV-00337,Contenedor_Lleno,13.63
MOV-00338,Contenedor_Lleno,14.4
MOV-00339,Contenedor_Lleno,14.6
MOV-00340,Contenedor_Lleno,13.1
MOV-00341,Contenedor_Lleno,19.31
MOV-00342,Contenedor_Lleno,21.68
MOV-00343,Contenedor_Lleno,12.44
MOV-00344,Contenedor_Lleno,10.66
MOV-00345,Medio_Contenedor,17.86
MOV-00346,Medio_Contenedor,19.31
MOV-00347,Contenedor_Lleno,15.11
MOV-00348,Contenedor_Lleno,15.13
MOV-00349,Contenedor_Lleno,12.51
MOV-00350,Contenedor_Lleno,14.16
MOV-00351,Medio_Contenedor,17.51
MOV-00352,Contenedor_Lleno,15.16
MOV-00353,Contenedor_Lleno,13.66
MOV-00354,Medio_Contenedor,18.85
MOV-00355,Contenedor_Lleno,18.98
MOV-00356,Contenedor_Lleno,20.35
MOV-00357,Contenedor_Lleno,14.82
MOV-00358,Contenedor_Lleno,15.25
MOV-00359,Contenedor_Lleno,15.89
MOV-00360,Contenedor_Lleno,13.5
MOV-00361,Contenedor_Lleno,18.78
MOV-00362,Contenedor_Lleno,17.88
MOV-00363,Contenedor_Lleno,19.09
MOV-00364,Contenedor_Lleno,16.22
MOV-00365,Contenedor_Lleno,14.85
MOV-00366,Medio_Contenedor,14.48
MOV-00367,Contenedor_Lleno,17.24
MOV-00368,Contenedor_Lleno,12.92
MOV-00369,Contenedor_Lleno,14.3
MOV-00370,Contenedor_Lleno,16.09
MOV-00371,Contenedor_Lleno,11.77
MOV-00372,Contenedor_Lleno,14.5
MOV-00373,Contenedor_Lleno,16.12
MOV-00374,Contenedor_Lleno,19.19
MOV-00375,Contenedor_Lleno,21.23
MOV-00376,Contenedor_Lleno,14.04
MOV-00377,Contenedor_Lleno,13.06
MOV-00378,Medio_Contenedor,19.17
MOV-00379,Contenedor_Lleno,14.29
MOV-00380,Contenedor_Lleno,18.61
MOV-00381,Contenedor_Lleno,15.21
MOV-00382,Contenedor_Lleno,13.16
MOV-00383,Contenedor_Lleno,12.92
MOV-00384,Medio_Contenedor,15.19
MOV-00385,Contenedor_Lleno,13.67
MOV-00386,Medio_Contenedor,19.78
MOV-00387,Contenedor_Lleno,18.42
MOV-00388,Contenedor_Lleno,18.62
MOV-00389,Contenedor_Lleno,12.88
MOV-00390,Medio_Contenedor,16.26
MOV-00391,Contenedor_Lleno,14.23
MOV-00392,Medio_Contenedor,20.11
MOV-00393,Medio_Contenedor,20.22
MOV-00394,Contenedor_Lleno,12.2
MOV-00395,Contenedor_Lleno,21.04
MOV-00396,Contenedor_Lleno,11.97
MOV-00397,Contenedor_Lleno,18.65
MOV-00398,Contenedor_Lleno,14.71
MOV-00399,Contenedor_Lleno,14.36
MOV-00400,Contenedor_Lleno,13.68
MOV-00401,Contenedor_Lleno,17.16
MOV-00402,Contenedor_Lleno,10.85
MOV-00403,Contenedor_Lleno,12.98
MOV-00404,Contenedor_Lleno,15.8
MOV-00405,Contenedor_Lleno,14.47
MOV-00406,Medio_Contenedor,16.98
MOV-00407,Medio_Contenedor,22.86
MOV-00408,Medio_Contenedor,17.93
MOV-00409,Contenedor_Lleno,12.03
MOV-00410,Contenedor_Lleno,18.56
MOV-00411,Contenedor_Lleno,11.2
MOV-00412,Contenedor_Lleno,12.5
MOV-00413,Contenedor_Lleno,12.14
MOV-00414,Contenedor_Lleno,12.85
MOV-00415,Contenedor_Lleno,15.33
MOV-00416,Contenedor_Lleno,10.23
MOV-00417,Contenedor_Lleno,17.53
MOV-00418,Contenedor_Lleno,16.67
MOV-00419,Medio_Contenedor,23.26
MOV-00420,Contenedor_Lleno,17.5
MOV-00421,Contenedor_Lleno,13.29
MOV-00422,Medio_Contenedor,14.68
MOV-00423,Contenedor_Lleno,13.14
MOV-00424,Medio_Contenedor,17.63
MOV-00425,Medio_Contenedor,20.99
MOV-00426,Contenedor_Lleno,16.09
MOV-00427,Contenedor_Lleno,15.28
MOV-00428,Contenedor_Lleno,12.35
MOV-00429,Medio_Contenedor,15.95
MOV-00430,Contenedor_Lleno,19.68
MOV-00431,Contenedor_Lleno,10.98
MOV-00432,Contenedor_Lleno,12.6
MOV-00433,Contenedor_Lleno,14.34
MOV-00434,Contenedor_Lleno,16.52
MOV-00435,Contenedor_Lleno,17.06
MOV-00436,Contenedor_Lleno,13.85
MOV-00437,Contenedor_Lleno,16.62
MOV-00438,Contenedor_Lleno,13.67
MOV-00439,Medio_Contenedor,22.83
MOV-00440,Contenedor_Lleno,14.74
MOV-00441,Medio_Contenedor,20.29
MOV-00442,Contenedor_Lleno,13.3
MOV-00443,Contenedor_Lleno,15.22
MOV-00444,Medio_Contenedor,21.86
MOV-00445,Contenedor_Lleno,16.49
MOV-00446,Contenedor_Lleno,11.64
MOV-00447,Medio_Contenedor,17.4
MOV-00448,Contenedor_Lleno,17.66
MOV-00449,Medio_Contenedor,16.64
MOV-00450,Contenedor_Lleno,12.48
MOV-00451,Contenedor_Lleno,15.32
MOV-00452,Contenedor_Lleno,14.12
MOV-00453,Medio_Contenedor,13.56
MOV-00454,Contenedor_Lleno,16.86
MOV-00455,Contenedor_Lleno,16.06
MOV-00456,Medio_Contenedor,18.17
MOV-00457,Contenedor_Lleno,13.48
MOV-00458,Contenedor_Lleno,18.43
MOV-00459,Medio_Contenedor,19.04
MOV-00460,Contenedor_Lleno,18.96
MOV-00461,Medio_Contenedor,14.11
MOV-00462,Contenedor_Lleno,15.62
MOV-00463,Medio_Contenedor,14.18
MOV-00464,Contenedor_Lleno,10.83
MOV-00465,Contenedor_Lleno,16.39
MOV-00466,Contenedor_Lleno,12.98
MOV-00467,Contenedor_Lleno,14.92
MOV-00468,Contenedor_Lleno,15.08
MOV-00469,Contenedor_Lleno,19.52
MOV-00470,Contenedor_Lleno,14.16
MOV-00471,Contenedor_Lleno,19.17
MOV-00472,Contenedor_Lleno,18.59
MOV-00473,Contenedor_Lleno,20.63
MOV-00474,Contenedor_Lleno,18.66
MOV-00475,Medio_Contenedor,16.62
MOV-00476,Contenedor_Lleno,14.18
MOV-00477,Contenedor_Lleno,14.52
MOV-00478,Contenedor_Lleno,17.14
MOV-00479,Medio_Contenedor,22.12
MOV-00480,Contenedor_Lleno,18.0
MOV-00481,Contenedor_Lleno,14.22
MOV-00482,Contenedor_Lleno,18.79
MOV-00483,Contenedor_Lleno,20.46
MOV-00484,Medio_Contenedor,20.25
MOV-00485,Medio_Contenedor,22.44
MOV-00486,Contenedor_Lleno,15.18
MOV-00487,Contenedor_Lleno,11.61
MOV-00488,Contenedor_Lleno,19.49
MOV-00489,Contenedor_Lleno,20.04
MOV-00490,Contenedor_Lleno,19.1
MOV-00491,Medio_Contenedor,19.47
MOV-00492,Contenedor_Lleno,19.98
MOV-00493,Medio_Contenedor,16.55
MOV-00494,Medio_Contenedor,17.24
MOV-00495,Contenedor_Lleno,14.44
MOV-00496,Contenedor_Lleno,13.86
MOV-00497,Contenedor_Lleno,12.99
MOV-00498,Contenedor_Lleno,15.93
MOV-00499,Medio_Contenedor,17.13
MOV-00500,Contenedor_Lleno,11.89
MOV-00501,Contenedor_Lleno,12.22
MOV-00502,Contenedor_Lleno,15.42
MOV-00503,Contenedor_Lleno,16.64
MOV-00504,Contenedor_Lleno,14.45
MOV-00505,Contenedor_Lleno,16.68
MOV-00506,Contenedor_Lleno,13.27
MOV-00507,Contenedor_Lleno,16.9
MOV-00508,Contenedor_Lleno,15.02
MOV-00509,Contenedor_Lleno,15.78
MOV-00510,Medio_Contenedor,20.94
MOV-00511,Contenedor_Lleno,18.63
MOV-00512,Contenedor_Lleno,17.34
MOV-00513,Contenedor_Lleno,17.13
MOV-00514,Contenedor_Lleno,18.09
MOV-00515,Contenedor_Lleno,12.12
MOV-00516,Contenedor_Lleno,16.47
MOV-00517,Contenedor_Lleno,15.55
MOV-00518,Contenedor_Lleno,17.96
MOV-00519,Contenedor_Lleno,12.23
MOV-00520,Contenedor_Lleno,14.28
MOV-00521,Contenedor_Lleno,17.12
MOV-00522,Contenedor_Lleno,14.77
MOV-00523,Contenedor_Lleno,12.4
MOV-00524,Medio_Contenedor,18.94
MOV-00525,Medio_Contenedor,22.77
MOV-00526,Contenedor_Lleno,12.79
MOV-00527,Contenedor_Lleno,19.23
MOV-00528,Medio_Contenedor,16.39
MOV-00529,Contenedor_Lleno,15.12
MOV-00530,Contenedor_Lleno,15.82
MOV-00531,Medio_Contenedor,19.09
MOV-00532,Contenedor_Lleno,16.35
MOV-00533,Medio_Contenedor,17.35
MOV-00534,Contenedor_Lleno,18.41
MOV-00535,Contenedor_Lleno,18.33
MOV-00536,Contenedor_Lleno,11.74
MOV-00537,Contenedor_Lleno,17.87
MOV-00538,Contenedor_Lleno,16.7
MOV-00539,Contenedor_Lleno,16.08
MOV-00540,Contenedor_Lleno,13.01
MOV-00541,Contenedor_Lleno,11.22
MOV-00542,Contenedor_Lleno,14.35
MOV-00543,Contenedor_Lleno,15.04
MOV-00544,Medio_Contenedor,20.8
MOV-00545,Contenedor_Lleno,11.74
MOV-00546,Contenedor_Lleno,19.72
MOV-00547,Contenedor_Lleno,13.98
MOV-00548,Contenedor_Lleno,17.06
MOV-00549,Contenedor_Lleno,19.11
MOV-00550,Contenedor_Lleno,19.37
MOV-00551,Contenedor_Lleno,15.8
MOV-00552,Contenedor_Lleno,13.94
MOV-00553,Contenedor_Lleno,15.18
MOV-00554,Contenedor_Lleno,14.85
MOV-00555,Contenedor_Lleno,15.82
MOV-00556,Contenedor_Lleno,17.21
MOV-00557,Contenedor_Lleno,18.02
MOV-00558,Contenedor_Lleno,11.19
MOV-00559,Contenedor_Lleno,15.88
MOV-00560,Contenedor_Lleno,18.64
MOV-00561,Contenedor_Lleno,15.04
MOV-00562,Contenedor_Lleno,15.97
MOV-00563,Contenedor_Lleno,17.04
MOV-00564,Contenedor_Lleno,15.61
MOV-00565,Contenedor_Lleno,12.54
MOV-00566,Medio_Contenedor,14.99
MOV-00567,Medio_Contenedor,17.9
MOV-00568,Contenedor_Lleno,19.08
MOV-00569,Contenedor_Lleno,12.93
MOV-00570,Contenedor_Lleno,18.14
MOV-00571,Medio_Contenedor,22.38
MOV-00572,Contenedor_Lleno,17.86
MOV-00573,Contenedor_Lleno,12.04
MOV-00574,Medio_Contenedor,19.56
MOV-00575,Contenedor_Lleno,17.21
MOV-00576,Contenedor_Lleno,15.92
MOV-00577,Contenedor_Lleno,12.93
MOV-00578,Contenedor_Lleno,13.19
MOV-00579,Contenedor_Lleno,15.98
MOV-00580,Contenedor_Lleno,20.07
MOV-00581,Medio_Contenedor,22.21
MOV-00582,Contenedor_Lleno,19.26
MOV-00583,Contenedor_Lleno,18.96
MOV-00584,Contenedor_Lleno,13.39
MOV-00585,Contenedor_Lleno,13.65
MOV-00586,Contenedor_Lleno,12.55
MOV-00587,Contenedor_Lleno,16.01
MOV-00588,Contenedor_Lleno,16.04
MOV-00589,Contenedor_Lleno,18.24
MOV-00590,Medio_Contenedor,22.26
MOV-00591,Contenedor_Lleno,19.27
MOV-00592,Contenedor_Lleno,14.64
MOV-00593,Medio_Contenedor,17.74
MOV-00594,Medio_Contenedor,19.89
MOV-00595,Medio_Contenedor,19.0
MOV-00596,Contenedor_Lleno,14.67
MOV-00597,Contenedor_Lleno,13.87
MOV-00598,Contenedor_Lleno,17.39
MOV-00599,Contenedor_Lleno,14.66
MOV-00600,Contenedor_Lleno,18.77
MOV-00601,Medio_Contenedor,21.56
MOV-00602,Contenedor_Lleno,11.85
MOV-00603,Contenedor_Lleno,21.45
MOV-00604,Medio_Contenedor,19.22
MOV-00605,Contenedor_Lleno,15.58
MOV-00606,Medio_Contenedor,12.4
MOV-00607,Medio_Contenedor,13.05
MOV-00608,Contenedor_Lleno,17.26
MOV-00609,Contenedor_Lleno,15.03
MOV-00610,Contenedor_Lleno,14.56
MOV-00611,Contenedor_Lleno,16.25
MOV-00612,Medio_Contenedor,17.31
MOV-00613,Contenedor_Lleno,17.37
MOV-00614,Contenedor_Lleno,20.72
MOV-00615,Contenedor_Lleno,14.21
MOV-00616,Medio_Contenedor,20.97
MOV-00617,Contenedor_Lleno,13.74
MOV-00618,Contenedor_Lleno,16.25
MOV-00619,Contenedor_Lleno,19.08
MOV-00620,Medio_Contenedor,18.65
MOV-00621,Contenedor_Lleno,13.99
MOV-00622,Contenedor_Lleno,15.47
MOV-00623,Contenedor_Lleno,19.08
MOV-00624,Medio_Contenedor,16.98
MOV-00625,Contenedor_Lleno,19.7
MOV-00626,Contenedor_Lleno,20.61
MOV-00627,Contenedor_Lleno,15.58
MOV-00628,Contenedor_Lleno,16.43
MOV-00629,Contenedor_Lleno,15.72
MOV-00630,Medio_Contenedor,15.7
MOV-00631,Contenedor_Lleno,17.84
MOV-00632,Contenedor_Lleno,12.82
MOV-00633,Contenedor_Lleno,17.05
MOV-00634,Medio_Contenedor,22.91
MOV-00635,Medio_Contenedor,15.33
MOV-00636,Contenedor_Lleno,16.12
MOV-00637,Contenedor_Lleno,14.81
MOV-00638,Contenedor_Lleno,16.66
MOV-00639,Contenedor_Lleno,17.1
MOV-00640,Contenedor_Lleno,14.85
MOV-00641,Contenedor_Lleno,19.72
MOV-00642,Contenedor_Lleno,19.73
MOV-00643,Contenedor_Lleno,14.49
MOV-00644,Medio_Contenedor,23.46
MOV-00645,Medio_Contenedor,17.1
MOV-00646,Contenedor_Lleno,18.27
MOV-00647,Contenedor_Lleno,14.01
MOV-00648,Contenedor_Lleno,14.87
MOV-00649,Contenedor_Lleno,13.98
MOV-00650,Medio_Contenedor,14.89
MOV-00651,Contenedor_Lleno,17.14
MOV-00652,Medio_Contenedor,21.38
MOV-00653,Contenedor_Lleno,20.17
MOV-00654,Contenedor_Lleno,18.1
MOV-00655,Contenedor_Lleno,13.0
MOV-00656,Medio_Contenedor,17.12
MOV-00657,Medio_Contenedor,17.93
MOV-00658,Contenedor_Lleno,16.31
MOV-00659,Contenedor_Lleno,14.35
MOV-00660,Contenedor_Lleno,21.16
MOV-00661,Contenedor_Lleno,12.25
MOV-00662,Contenedor_Lleno,12.4
MOV-00663,Contenedor_Lleno,12.14
MOV-00664,Contenedor_Lleno,11.25
MOV-00665,Contenedor_Lleno,13.3
MOV-00666,Contenedor_Lleno,14.42
MOV-00667,Contenedor_Lleno,18.47
MOV-00668,Medio_Contenedor,20.81
MOV-00669,Medio_Contenedor,14.39
MOV-00670,Contenedor_Lleno,20.83
MOV-00671,Contenedor_Lleno,13.44
MOV-00672,Contenedor_Lleno,12.32
MOV-00673,Contenedor_Lleno,13.58
MOV-00674,Contenedor_Lleno,17.62
MOV-00675,Contenedor_Lleno,12.71
MOV-00676,Contenedor_Lleno,14.79
MOV-00677,Medio_Contenedor,18.32
MOV-00678,Contenedor_Lleno,14.64
MOV-00679,Medio_Contenedor,13.73
MOV-00680,Contenedor_Lleno,17.29
MOV-00681,Medio_Contenedor,18.53
MOV-00682,Contenedor_Lleno,16.67
MOV-00683,Contenedor_Lleno,18.49
MOV-00684,Contenedor_Lleno,11.75
MOV-00685,Contenedor_Lleno,14.07
MOV-00686,Contenedor_Lleno,18.68
MOV-00687,Contenedor_Lleno,11.62
MOV-00688,Contenedor_Lleno,20.23
MOV-00689,Contenedor_Lleno,17.84
MOV-00690,Contenedor_Lleno,12.09
MOV-00691,Medio_Contenedor,20.48
MOV-00692,Contenedor_Lleno,14.79
MOV-00693,Contenedor_Lleno,13.77
MOV-00694,Medio_Contenedor,14.2
MOV-00695,Contenedor_Lleno,20.12
MOV-00696,Contenedor_Lleno,18.01
MOV-00697,Contenedor_Lleno,12.96
MOV-00698,Contenedor_Lleno,13.66
MOV-00699,Contenedor_Lleno,19.26
MOV-00700,Contenedor_Lleno,15.24
MOV-00701,Medio_Contenedor,20.53
MOV-00702,Contenedor_Lleno,19.66
MOV-00703,Contenedor_Lleno,13.51
MOV-00704,Contenedor_Lleno,14.11
MOV-00705,Contenedor_Lleno,11.67
MOV-00706,Medio_Contenedor,16.89
MOV-00707,Contenedor_Lleno,11.68
MOV-00708,Contenedor_Lleno,16.86
MOV-00709,Contenedor_Lleno,16.94
MOV-00710,Contenedor_Lleno,16.54
MOV-00711,Medio_Contenedor,16.18
MOV-00712,Contenedor_Lleno,12.28
MOV-00713,Contenedor_Lleno,16.45
MOV-00714,Contenedor_Lleno,17.29
MOV-00715,Contenedor_Lleno,17.77
MOV-00716,Contenedor_Lleno,18.27
MOV-00717,Contenedor_Lleno,15.52
MOV-00718,Contenedor_Lleno,12.36
MOV-00719,Contenedor_Lleno,15.93
MOV-00720,Contenedor_Lleno,14.35
MOV-00721,Contenedor_Lleno,13.06
MOV-00722,Medio_Contenedor,23.1
MOV-00723,Contenedor_Lleno,15.51
MOV-00724,Medio_Contenedor,20.44
MOV-00725,Contenedor_Lleno,17.09
MOV-00726,Contenedor_Lleno,10.88
MOV-00727,Contenedor_Lleno,12.5
MOV-00728,Contenedor_Lleno,11.91
MOV-00729,Contenedor_Lleno,13.21
MOV-00730,Contenedor_Lleno,12.9
MOV-00731,Contenedor_Lleno,10.44
MOV-00732,Contenedor_Lleno,13.58
MOV-00733,Contenedor_Lleno,19.26
MOV-00734,Contenedor_Lleno,16.78
MOV-00735,Contenedor_Lleno,15.68
MOV-00736,Contenedor_Lleno,15.71
MOV-00737,Contenedor_Lleno,14.99
MOV-00738,Contenedor_Lleno,11.66
MOV-00739,Contenedor_Lleno,16.23
MOV-00740,Contenedor_Lleno,14.66
MOV-00741,Medio_Contenedor,15.19
MOV-00742,Contenedor_Lleno,12.93
MOV-00743,Medio_Contenedor,15.61
MOV-00744,Contenedor_Lleno,15.78
MOV-00745,Contenedor_Lleno,21.23
MOV-00746,Contenedor_Lleno,19.31
MOV-00747,Contenedor_Lleno,16.16
MOV-00748,Contenedor_Lleno,15.33
MOV-00749,Contenedor_Lleno,13.34
MOV-00750,Contenedor_Lleno,13.75
MOV-00751,Contenedor_Lleno,11.25
MOV-00752,Contenedor_Lleno,14.95
MOV-00753,Contenedor_Lleno,14.61
MOV-00754,Contenedor_Lleno,20.44
MOV-00755,Contenedor_Lleno,17.67
MOV-00756,Contenedor_Lleno,15.54
MOV-00757,Medio_Contenedor,12.72
MOV-00758,Contenedor_Lleno,12.19
MOV-00759,Medio_Contenedor,19.84
MOV-00760,Medio_Contenedor,16.24
MOV-00761,Contenedor_Lleno,12.19
MOV-00762,Medio_Contenedor,18.65
MOV-00763,Contenedor_Lleno,13.57
MOV-00764,Medio_Contenedor,13.41
MOV-00765,Medio_Contenedor,19.68
MOV-00766,Contenedor_Lleno,15.12
MOV-00767,Contenedor_Lleno,11.06
MOV-00768,Contenedor_Lleno,16.1
MOV-00769,Medio_Contenedor,18.21
MOV-00770,Medio_Contenedor,17.55
MOV-00771,Medio_Contenedor,16.37
MOV-00772,Contenedor_Lleno,21.93
MOV-00773,Medio_Contenedor,18.53
MOV-00774,Contenedor_Lleno,16.47
MOV-00775,Contenedor_Lleno,18.0
MOV-00776,Contenedor_Lleno,14.36
MOV-00777,Contenedor_Lleno,13.32
MOV-00778,Contenedor_Lleno,13.66
MOV-00779,Contenedor_Lleno,17.52
MOV-00780,Contenedor_Lleno,14.84
MOV-00781,Contenedor_Lleno,15.46
MOV-00782,Contenedor_Lleno,19.81
MOV-00783,Medio_Contenedor,18.54
MOV-00784,Medio_Contenedor,16.93
MOV-00785,Contenedor_Lleno,13.6
MOV-00786,Contenedor_Lleno,17.27
MOV-00787,Medio_Contenedor,21.84
MOV-00788,Contenedor_Lleno,11.7
MOV-00789,Contenedor_Lleno,13.5
MOV-00790,Contenedor_Lleno,13.98
MOV-00791,Medio_Contenedor,18.79
MOV-00792,Medio_Contenedor,21.44
MOV-00793,Medio_Contenedor,15.35
MOV-00794,Contenedor_Lleno,19.27
MOV-00795,Contenedor_Lleno,16.02
MOV-00796,Contenedor_Lleno,17.21
MOV-00797,Contenedor_Lleno,11.99
MOV-00798,Contenedor_Lleno,12.72
MOV-00799,Contenedor_Lleno,17.03
MOV-00800,Contenedor_Lleno,16.65
MOV-00801,Contenedor_Lleno,14.57
MOV-00802,Contenedor_Lleno,14.8
MOV-00803,Contenedor_Lleno,12.22
MOV-00804,Contenedor_Lleno,13.77
MOV-00805,Contenedor_Lleno,15.21
MOV-00806,Contenedor_Lleno,17.84
MOV-00807,Medio_Contenedor,14.43
MOV-00808,Contenedor_Lleno,14.27
MOV-00809,Contenedor_Lleno,19.72
MOV-00810,Contenedor_Lleno,12.22
MOV-00811,Medio_Contenedor,19.3
MOV-00812,Contenedor_Lleno,17.29
MOV-00813,Medio_Contenedor,16.81
MOV-00814,Contenedor_Lleno,12.24
MOV-00815,Contenedor_Lleno,16.92
MOV-00816,Contenedor_Lleno,17.96
MOV-00817,Contenedor_Lleno,17.46
MOV-00818,Medio_Contenedor,21.38
MOV-00819,Contenedor_Lleno,13.84
MOV-00820,Contenedor_Lleno,14.82
MOV-00821,Contenedor_Lleno,17.05
MOV-00822,Contenedor_Lleno,13.54
MOV-00823,Contenedor_Lleno,17.74
MOV-00824,Medio_Contenedor,20.05
MOV-00825,Contenedor_Lleno,14.06
MOV-00826,Contenedor_Lleno,19.23
MOV-00827,Contenedor_Lleno,15.42
MOV-00828,Medio_Contenedor,22.69
MOV-00829,Contenedor_Lleno,12.69
MOV-00830,Contenedor_Lleno,17.04
MOV-00831,Contenedor_Lleno,16.89
MOV-00832,Contenedor_Lleno,16.11
MOV-00833,Contenedor_Lleno,19.03
MOV-00834,Medio_Contenedor,23.48
MOV-00835,Contenedor_Lleno,14.43
MOV-00836,Medio_Contenedor,23.71
MOV-00837,Medio_Contenedor,14.2
MOV-00838,Contenedor_Lleno,14.67
MOV-00839,Contenedor_Lleno,12.21
MOV-00840,Medio_Contenedor,19.25
MOV-00841,Contenedor_Lleno,15.57
MOV-00842,Contenedor_Lleno,16.55
MOV-00843,Contenedor_Lleno,14.02
MOV-00844,Contenedor_Lleno,15.22
MOV-00845,Contenedor_Lleno,17.83
MOV-00846,Contenedor_Lleno,17.92
MOV-00847,Contenedor_Lleno,10.9
MOV-00848,Contenedor_Lleno,13.84
MOV-00849,Contenedor_Lleno,13.18
MOV-00850,Medio_Contenedor,19.32
MOV-00851,Contenedor_Lleno,10.78
MOV-00852,Medio_Contenedor,19.49
MOV-00853,Medio_Contenedor,21.22
MOV-00854,Contenedor_Lleno,15.64
MOV-00855,Contenedor_Lleno,13.61
MOV-00856,Medio_Contenedor,18.76
MOV-00857,Medio_Contenedor,20.67
MOV-00858,Contenedor_Lleno,13.9
MOV-00859,Contenedor_Lleno,12.82
MOV-00860,Contenedor_Lleno,16.96
MOV-00861,Medio_Contenedor,18.52
MOV-00862,Contenedor_Lleno,18.46
MOV-00863,Contenedor_Lleno,18.33
MOV-00864,Contenedor_Lleno,18.55
MOV-00865,Contenedor_Lleno,15.72
MOV-00866,Contenedor_Lleno,16.34
MOV-00867,Contenedor_Lleno,18.25
MOV-00868,Contenedor_Lleno,15.26
MOV-00869,Contenedor_Lleno,12.84
MOV-00870,Medio_Contenedor,15.42
MOV-00871,Contenedor_Lleno,20.08
MOV-00872,Contenedor_Lleno,14.99
MOV-00873,Contenedor_Lleno,15.15
MOV-00874,Contenedor_Lleno,17.13
MOV-00875,Contenedor_Lleno,15.31
MOV-00876,Contenedor_Lleno,14.63
MOV-00877,Contenedor_Lleno,20.44
MOV-00878,Medio_Contenedor,19.74
MOV-00879,Contenedor_Lleno,19.7
MOV-00880,Medio_Contenedor,22.44
MOV-00881,Contenedor_Lleno,16.6
MOV-00882,Contenedor_Lleno,18.57
MOV-00883,Contenedor_Lleno,15.02
MOV-00884,Contenedor_Lleno,16.71
MOV-00885,Contenedor_Lleno,16.82
MOV-00886,Contenedor_Lleno,12.86
MOV-00887,Contenedor_Lleno,19.47
MOV-00888,Contenedor_Lleno,13.85
MOV-00889,Contenedor_Lleno,14.39
MOV-00890,Contenedor_Lleno,12.84
MOV-00891,Medio_Contenedor,18.76
MOV-00892,Contenedor_Lleno,18.85
MOV-00893,Contenedor_Lleno,20.42
MOV-00894,Contenedor_Lleno,14.72
MOV-00895,Contenedor_Lleno,11.95
MOV-00896,Medio_Contenedor,21.65
MOV-00897,Medio_Contenedor,16.47
MOV-00898,Contenedor_Lleno,16.13
MOV-00899,Medio_Contenedor,14.26
MOV-00900,Medio_Contenedor,17.28
MOV-00901,Contenedor_Lleno,16.0
MOV-00902,Medio_Contenedor,12.72
MOV-00903,Contenedor_Lleno,15.16
MOV-00904,Medio_Contenedor,19.09
MOV-00905,Contenedor_Lleno,15.39
MOV-00906,Contenedor_Lleno,16.89
MOV-00907,Contenedor_Lleno,13.65
MOV-00908,Contenedor_Lleno,19.26
MOV-00909,Contenedor_Lleno,16.56
MOV-00910,Contenedor_Lleno,16.87
MOV-00911,Contenedor_Lleno,13.88
MOV-00912,Contenedor_Lleno,15.4
MOV-00913,Contenedor_Lleno,17.66
MOV-00914,Contenedor_Lleno,17.89
MOV-00915,Contenedor_Lleno,14.32
MOV-00916,Contenedor_Lleno,13.72
MOV-00917,Medio_Contenedor,22.72
MOV-00918,Contenedor_Lleno,16.64
MOV-00919,Contenedor_Lleno,11.37
MOV-00920,Contenedor_Lleno,16.02
MOV-00921,Contenedor_Lleno,16.92
MOV-00922,Contenedor_Lleno,15.79
MOV-00923,Contenedor_Lleno,21.42
MOV-00924,Contenedor_Lleno,14.24
MOV-00925,Medio_Contenedor,19.44
MOV-00926,Contenedor_Lleno,17.71
MOV-00927,Contenedor_Lleno,13.22
MOV-00928,Contenedor_Lleno,16.22
MOV-00929,Contenedor_Lleno,17.83
MOV-00930,Contenedor_Lleno,13.95
MOV-00931,Contenedor_Lleno,14.21
MOV-00932,Contenedor_Lleno,11.34
MOV-00933,Contenedor_Lleno,12.93
MOV-00934,Contenedor_Lleno,13.4
MOV-00935,Contenedor_Lleno,15.37
MOV-00936,Contenedor_Lleno,20.21
MOV-00937,Contenedor_Lleno,16.34
MOV-00938,Medio_Contenedor,18.64
MOV-00939,Contenedor_Lleno,17.66
MOV-00940,Contenedor_Lleno,14.6
MOV-00941,Contenedor_Lleno,18.64
MOV-00942,Contenedor_Lleno,18.37
MOV-00943,Contenedor_Lleno,15.61
MOV-00944,Contenedor_Lleno,12.6
MOV-00945,Contenedor_Lleno,20.67
MOV-00946,Contenedor_Lleno,15.62
MOV-00947,Contenedor_Lleno,15.16
MOV-00948,Contenedor_Lleno,15.63
MOV-00949,Contenedor_Lleno,16.34
MOV-00950,Contenedor_Lleno,15.68
MOV-00951,Contenedor_Lleno,16.5
MOV-00952,Contenedor_Lleno,14.66
MOV-00953,Contenedor_Lleno,14.47
MOV-00954,Contenedor_Lleno,13.83
MOV-00955,Medio_Contenedor,19.82
MOV-00956,Contenedor_Lleno,14.46
MOV-00957,Contenedor_Lleno,16.39
MOV-00958,Contenedor_Lleno,15.79
MOV-00959,Contenedor_Lleno,13.75
MOV-00960,Medio_Contenedor,19.05
MOV-00961,Contenedor_Lleno,12.47
MOV-00962,Medio_Contenedor,19.93
MOV-00963,Contenedor_Lleno,16.14
MOV-00964,Contenedor_Lleno,10.99
MOV-00965,Contenedor_Lleno,18.08
MOV-00966,Medio_Contenedor,19.87
MOV-00967,Contenedor_Lleno,16.14
MOV-00968,Contenedor_Lleno,17.11
MOV-00969,Medio_Contenedor,16.62
MOV-00970,Contenedor_Lleno,19.42
MOV-00971,Medio_Contenedor,20.33
MOV-00972,Contenedor_Lleno,16.79
MOV-00973,Contenedor_Lleno,13.0
MOV-00974,Medio_Contenedor,20.69
MOV-00975,Contenedor_Lleno,13.9
MOV-00976,Contenedor_Lleno,15.69
MOV-00977,Contenedor_Lleno,18.53
MOV-00978,Contenedor_Lleno,20.75
MOV-00979,Contenedor_Lleno,14.48
MOV-00980,Contenedor_Lleno,18.5
MOV-00981,Contenedor_Lleno,17.73
MOV-00982,Medio_Contenedor,17.05
MOV-00983,Contenedor_Lleno,12.68
MOV-00984,Contenedor_Lleno,17.11
MOV-00985,Medio_Contenedor,19.84
MOV-00986,Contenedor_Lleno,14.59
MOV-00987,Medio_Contenedor,12.73
MOV-00988,Contenedor_Lleno,16.65
MOV-00989,Contenedor_Lleno,15.53
MOV-00990,Contenedor_Lleno,18.15
MOV-00991,Contenedor_Lleno,15.97
MOV-00992,Contenedor_Lleno,14.49
MOV-00993,Contenedor_Lleno,14.54
MOV-00994,Medio_Contenedor,17.44
MOV-00995,Contenedor_Lleno,16.36
MOV-00996,Contenedor_Lleno,10.77
MOV-00997,Contenedor_Lleno,16.44
MOV-00998,Contenedor_Lleno,17.08
MOV-00999,Medio_Contenedor,17.22
MOV-01000,Contenedor_Lleno,14.99
MOV-01001,Contenedor_Lleno,10.35
MOV-01002,Contenedor_Lleno,20.91
MOV-01003,Contenedor_Lleno,21.22
MOV-01004,Contenedor_Lleno,17.11
MOV-01005,Contenedor_Lleno,14.94
MOV-01006,Contenedor_Lleno,14.08
MOV-01007,Contenedor_Lleno,19.6
MOV-01008,Contenedor_Lleno,12.06
MOV-01009,Contenedor_Lleno,14.65
MOV-01010,Contenedor_Lleno,15.58
MOV-01011,Contenedor_Lleno,17.6
MOV-01012,Contenedor_Lleno,13.14
MOV-01013,Contenedor_Lleno,12.91
MOV-01014,Contenedor_Lleno,16.13
MOV-01015,Contenedor_Lleno,16.76
MOV-01016,Contenedor_Lleno,12.41
MOV-01017,Medio_Contenedor,17.45
MOV-01018,Contenedor_Lleno,15.33
MOV-01019,Contenedor_Lleno,20.98
MOV-01020,Contenedor_Lleno,15.27
MOV-01021,Medio_Contenedor,19.51
MOV-01022,Contenedor_Lleno,17.09
MOV-01023,Contenedor_Lleno,15.04
MOV-01024,Medio_Contenedor,18.99
MOV-01025,Contenedor_Lleno,14.95
MOV-01026,Contenedor_Lleno,12.15
MOV-01027,Contenedor_Lleno,15.91
MOV-01028,Contenedor_Lleno,16.15
MOV-01029,Contenedor_Lleno,17.85
MOV-01030,Contenedor_Lleno,17.08
MOV-01031,Medio_Contenedor,18.41
MOV-01032,Contenedor_Lleno,12.2
MOV-01033,Contenedor_Lleno,15.12
MOV-01034,Contenedor_Lleno,17.14
MOV-01035,Contenedor_Lleno,14.41
MOV-01036,Contenedor_Lleno,12.35
MOV-01037,Contenedor_Lleno,16.17
MOV-01038,Contenedor_Lleno,16.25
MOV-01039,Contenedor_Lleno,12.06
MOV-01040,Contenedor_Lleno,13.72
MOV-01041,Contenedor_Lleno,18.85
MOV-01042,Contenedor_Lleno,11.8
MOV-01043,Medio_Contenedor,23.91
MOV-01044,Medio_Contenedor,17.83
MOV-01045,Contenedor_Lleno,13.33
MOV-01046,Contenedor_Lleno,17.63
MOV-01047,Contenedor_Lleno,16.61
MOV-01048,Contenedor_Lleno,14.63
MOV-01049,Contenedor_Lleno,12.04
MOV-01050,Medio_Contenedor,19.89
MOV-01051,Contenedor_Lleno,17.59
MOV-01052,Contenedor_Lleno,16.56
MOV-01053,Contenedor_Lleno,13.36
MOV-01054,Contenedor_Lleno,13.59
MOV-01055,Contenedor_Lleno,12.83
MOV-01056,Contenedor_Lleno,21.57
MOV-01057,Medio_Contenedor,16.93
MOV-01058,Contenedor_Lleno,18.58
MOV-01059,Medio_Contenedor,24.16
MOV-01060,Contenedor_Lleno,15.51
MOV-01061,Contenedor_Lleno,19.47
MOV-01062,Contenedor_Lleno,14.39
MOV-01063,Contenedor_Lleno,19.2
MOV-01064,Medio_Contenedor,18.4
MOV-01065,Contenedor_Lleno,14.35
MOV-01066,Contenedor_Lleno,12.87
MOV-01067,Contenedor_Lleno,15.97
MOV-01068,Contenedor_Lleno,16.23
MOV-01069,Contenedor_Lleno,17.43
MOV-01070,Medio_Contenedor,16.85
MOV-01071,Contenedor_Lleno,12.5
MOV-01072,Medio_Contenedor,21.71
MOV-01073,Medio_Contenedor,17.1
MOV-01074,Contenedor_Lleno,11.73
MOV-01075,Contenedor_Lleno,20.52
MOV-01076,Contenedor_Lleno,16.07
MOV-01077,Contenedor_Lleno,15.51
MOV-01078,Medio_Contenedor,18.27
MOV-01079,Contenedor_Lleno,12.23
MOV-01080,Contenedor_Lleno,17.2
MOV-01081,Contenedor_Lleno,18.24
MOV-01082,Medio_Contenedor,13.0
MOV-01083,Contenedor_Lleno,14.6
MOV-01084,Contenedor_Lleno,19.43
MOV-01085,Contenedor_Lleno,14.67
MOV-01086,Contenedor_Lleno,17.43
MOV-01087,Contenedor_Lleno,15.18
MOV-01088,Contenedor_Lleno,19.63
MOV-01089,Contenedor_Lleno,17.65
MOV-01090,Contenedor_Lleno,15.91
MOV-01091,Contenedor_Lleno,16.01
MOV-01092,Contenedor_Lleno,18.09
MOV-01093,Contenedor_Lleno,18.85
MOV-01094,Medio_Contenedor,20.39
MOV-01095,Contenedor_Lleno,17.62
MOV-01096,Contenedor_Lleno,14.28
MOV-01097,Medio_Contenedor,18.38
MOV-01098,Contenedor_Lleno,13.85
MOV-01099,Contenedor_Lleno,17.98
MOV-01100,Contenedor_Lleno,17.71
MOV-01101,Contenedor_Lleno,13.68
MOV-01102,Medio_Contenedor,17.7
MOV-01103,Contenedor_Lleno,15.92
MOV-01104,Contenedor_Lleno,12.97
MOV-01105,Contenedor_Lleno,20.66
MOV-01106,Contenedor_Lleno,13.98
MOV-01107,Contenedor_Lleno,19.48
MOV-01108,Contenedor_Lleno,19.48
MOV-01109,Contenedor_Lleno,18.25
MOV-01110,Contenedor_Lleno,13.67
MOV-01111,Contenedor_Lleno,17.84
MOV-01112,Contenedor_Lleno,12.26
MOV-01113,Contenedor_Lleno,13.46
MOV-01114,Medio_Contenedor,17.08
MOV-01115,Contenedor_Lleno,16.33
MOV-01116,Contenedor_Lleno,17.45
MOV-01117,Contenedor_Lleno,13.49
MOV-01118,Medio_Contenedor,19.78
MOV-01119,Contenedor_Lleno,14.58
MOV-01120,Medio_Contenedor,14.61
MOV-01121,Contenedor_Lleno,16.76
MOV-01122,Contenedor_Lleno,13.48
MOV-01123,Medio_Contenedor,21.69
MOV-01124,Contenedor_Lleno,13.93
MOV-01125,Contenedor_Lleno,16.03
MOV-01126,Contenedor_Lleno,13.65
MOV-01127,Contenedor_Lleno,13.84
MOV-01128,Contenedor_Lleno,16.92
MOV-01129,Contenedor_Lleno,14.48
MOV-01130,Contenedor_Lleno,17.38
MOV-01131,Contenedor_Lleno,13.82
MOV-01132,Medio_Contenedor,20.98
MOV-01133,Contenedor_Lleno,17.77
MOV-01134,Contenedor_Lleno,13.31
MOV-01135,Contenedor_Lleno,19.1
MOV-01136,Contenedor_Lleno,15.39
MOV-01137,Contenedor_Lleno,20.62
MOV-01138,Contenedor_Lleno,15.12
MOV-01139,Contenedor_Lleno,15.09
MOV-01140,Contenedor_Lleno,16.55
MOV-01141,Contenedor_Lleno,17.32
MOV-01142,Contenedor_Lleno,14.55
MOV-01143,Contenedor_Lleno,17.98
MOV-01144,Contenedor_Lleno,16.0
MOV-01145,Contenedor_Lleno,14.54
MOV-01146,Contenedor_Lleno,11.81
MOV-01147,Contenedor_Lleno,16.46
MOV-01148,Contenedor_Lleno,13.77
MOV-01149,Medio_Contenedor,20.04
MOV-01150,Contenedor_Lleno,13.87
MOV-01151,Contenedor_Lleno,15.96
MOV-01152,Medio_Contenedor,21.19
MOV-01153,Medio_Contenedor,15.24
MOV-01154,Contenedor_Lleno,14.82
MOV-01155,Contenedor_Lleno,13.73
MOV-01156,Contenedor_Lleno,12.19
MOV-01157,Medio_Contenedor,16.38
MOV-01158,Contenedor_Lleno,15.56
MOV-01159,Contenedor_Lleno,18.66
MOV-01160,Contenedor_Lleno,12.57
MOV-01161,Contenedor_Lleno,19.13
MOV-01162,Contenedor_Lleno,16.41
MOV-01163,Contenedor_Lleno,14.84
MOV-01164,Contenedor_Lleno,11.95
MOV-01165,Medio_Contenedor,20.91
MOV-01166,Contenedor_Lleno,17.27
MOV-01167,Contenedor_Lleno,18.61
MOV-01168,Contenedor_Lleno,14.67
MOV-01169,Medio_Contenedor,18.39
MOV-01170,Medio_Contenedor,19.87
MOV-01171,Medio_Contenedor,18.69
MOV-01172,Contenedor_Lleno,13.1
MOV-01173,Contenedor_Lleno,18.71
MOV-01174,Medio_Contenedor,18.83
MOV-01175,Medio_Contenedor,19.96
MOV-01176,Medio_Contenedor,15.01
MOV-01177,Contenedor_Lleno,14.29
MOV-01178,Contenedor_Lleno,18.67
MOV-01179,Contenedor_Lleno,14.66
MOV-01180,Contenedor_Lleno,11.58
MOV-01181,Contenedor_Lleno,17.37
MOV-01182,Contenedor_Lleno,16.25
MOV-01183,Contenedor_Lleno,13.94
MOV-01184,Medio_Contenedor,22.31
MOV-01185,Contenedor_Lleno,16.53
MOV-01186,Contenedor_Lleno,12.87
MOV-01187,Contenedor_Lleno,15.95
MOV-01188,Contenedor_Lleno,11.33
MOV-01189,Medio_Contenedor,15.6
MOV-01190,Contenedor_Lleno,15.68
MOV-01191,Contenedor_Lleno,13.08
MOV-01192,Contenedor_Lleno,15.58
MOV-01193,Contenedor_Lleno,13.2
MOV-01194,Contenedor_Lleno,18.93
MOV-01195,Contenedor_Lleno,15.93
MOV-01196,Contenedor_Lleno,13.4
MOV-01197,Contenedor_Lleno,15.67
MOV-01198,Contenedor_Lleno,13.72
MOV-01199,Contenedor_Lleno,16.51
MOV-01200,Medio_Contenedor,18.67
MOV-01201,Contenedor_Lleno,13.28
MOV-01202,Contenedor_Lleno,15.43
MOV-01203,Contenedor_Lleno,16.17
MOV-01204,Contenedor_Lleno,17.56
MOV-01205,Contenedor_Lleno,13.68
MOV-01206,Contenedor_Lleno,12.36
MOV-01207,Contenedor_Lleno,15.12
MOV-01208,Medio_Contenedor,16.85
MOV-01209,Contenedor_Lleno,15.5
MOV-01210,Contenedor_Lleno,14.52
MOV-01211,Contenedor_Lleno,13.71
MOV-01212,Medio_Contenedor,19.35
MOV-01213,Contenedor_Lleno,14.93
MOV-01214,Contenedor_Lleno,18.5
MOV-01215,Contenedor_Lleno,17.9
MOV-01216,Medio_Contenedor,17.45
MOV-01217,Contenedor_Lleno,15.57
MOV-01218,Contenedor_Lleno,13.12
MOV-01219,Contenedor_Lleno,15.2
MOV-01220,Contenedor_Lleno,13.11
MOV-01221,Contenedor_Lleno,15.16
MOV-01222,Contenedor_Lleno,17.51
MOV-01223,Medio_Contenedor,16.2
MOV-01224,Contenedor_Lleno,14.94
MOV-01225,Contenedor_Lleno,15.73
MOV-01226,Contenedor_Lleno,12.08
MOV-01227,Contenedor_Lleno,13.64
MOV-01228,Contenedor_Lleno,12.76
MOV-01229,Contenedor_Lleno,17.3
MOV-01230,Contenedor_Lleno,14.37
MOV-01231,Contenedor_Lleno,13.73
MOV-01232,Contenedor_Lleno,15.02
MOV-01233,Contenedor_Lleno,18.22
MOV-01234,Contenedor_Lleno,17.14
MOV-01235,Medio_Contenedor,17.58
MOV-01236,Contenedor_Lleno,14.17
MOV-01237,Contenedor_Lleno,14.87
MOV-01238,Contenedor_Lleno,16.15
MOV-01239,Contenedor_Lleno,13.65
MOV-01240,Contenedor_Lleno,17.04
MOV-01241,Contenedor_Lleno,16.81
MOV-01242,Contenedor_Lleno,14.27
MOV-01243,Contenedor_Lleno,19.08
MOV-01244,Contenedor_Lleno,15.22
MOV-01245,Contenedor_Lleno,15.91
MOV-01246,Contenedor_Lleno,19.84
MOV-01247,Contenedor_Lleno,18.11
MOV-01248,Contenedor_Lleno,15.23
MOV-01249,Contenedor_Lleno,14.57
MOV-01250,Contenedor_Lleno,18.22
MOV-01251,Contenedor_Lleno,19.35
MOV-01252,Contenedor_Lleno,13.46
MOV-01253,Contenedor_Lleno,16.11
MOV-01254,Contenedor_Lleno,16.91
MOV-01255,Contenedor_Lleno,14.64
MOV-01256,Contenedor_Lleno,13.17
MOV-01257,Contenedor_Lleno,13.65
MOV-01258,Contenedor_Lleno,20.33
MOV-01259,Contenedor_Lleno,14.8
MOV-01260,Medio_Contenedor,15.54
MOV-01261,Contenedor_Lleno,14.44
MOV-01262,Contenedor_Lleno,15.62
MOV-01263,Contenedor_Lleno,20.42
MOV-01264,Contenedor_Lleno,20.69
MOV-01265,Contenedor_Lleno,18.58
MOV-01266,Contenedor_Lleno,17.57
MOV-01267,Contenedor_Lleno,19.17
MOV-01268,Contenedor_Lleno,13.9
MOV-01269,Contenedor_Lleno,17.38
MOV-01270,Contenedor_Lleno,18.66
MOV-01271,Contenedor_Lleno,21.27
MOV-01272,Contenedor_Lleno,19.96
MOV-01273,Contenedor_Lleno,14.05
MOV-01274,Contenedor_Lleno,14.96
MOV-01275,Contenedor_Lleno,19.67
MOV-01276,Contenedor_Lleno,15.88
MOV-01277,Contenedor_Lleno,11.48
MOV-01278,Contenedor_Lleno,14.46
MOV-01279,Contenedor_Lleno,14.14
MOV-01280,Contenedor_Lleno,17.27
MOV-01281,Contenedor_Lleno,15.77
MOV-01282,Contenedor_Lleno,17.38
MOV-01283,Contenedor_Lleno,18.03
MOV-01284,Contenedor_Lleno,17.59
MOV-01285,Contenedor_Lleno,18.08
MOV-01286,Contenedor_Lleno,12.19
MOV-01287,Contenedor_Lleno,19.08
MOV-01288,Contenedor_Lleno,14.53
MOV-01289,Contenedor_Lleno,12.83
MOV-01290,Contenedor_Lleno,17.94
MOV-01291,Contenedor_Lleno,15.06
MOV-01292,Contenedor_Lleno,18.23
MOV-01293,Contenedor_Lleno,12.6
MOV-01294,Contenedor_Lleno,11.23
MOV-01295,Contenedor_Lleno,18.48
MOV-01296,Medio_Contenedor,19.9
MOV-01297,Contenedor_Lleno,14.97
MOV-01298,Contenedor_Lleno,16.5
MOV-01299,Contenedor_Lleno,14.11
MOV-01300,Contenedor_Lleno,15.27
MOV-01301,Contenedor_Lleno,15.17
MOV-01302,Contenedor_Lleno,17.01
MOV-01303,Medio_Contenedor,21.7
MOV-01304,Medio_Contenedor,17.92
MOV-01305,Medio_Contenedor,16.62
MOV-01306,Contenedor_Lleno,14.32
MOV-01307,Contenedor_Lleno,15.86
MOV-01308,Contenedor_Lleno,18.08
MOV-01309,Contenedor_Lleno,18.03
MOV-01310,Contenedor_Lleno,15.15
MOV-01311,Contenedor_Lleno,10.96
MOV-01312,Medio_Contenedor,13.86
MOV-01313,Contenedor_Lleno,15.63
MOV-01314,Contenedor_Lleno,15.05
MOV-01315,Contenedor_Lleno,16.61
MOV-01316,Medio_Contenedor,18.02
MOV-01317,Contenedor_Lleno,16.26
MOV-01318,Contenedor_Lleno,13.28
MOV-01319,Contenedor_Lleno,14.57
MOV-01320,Medio_Contenedor,23.83
MOV-01321,Contenedor_Lleno,19.17
MOV-01322,Medio_Contenedor,23.91
MOV-01323,Contenedor_Lleno,18.97
MOV-01324,Contenedor_Lleno,12.39
MOV-01325,Contenedor_Lleno,15.58
MOV-01326,Medio_Contenedor,19.74
MOV-01327,Contenedor_Lleno,16.35
MOV-01328,Contenedor_Lleno,15.92
MOV-01329,Medio_Contenedor,20.93
MOV-01330,Contenedor_Lleno,15.63
MOV-01331,Contenedor_Lleno,15.78
MOV-01332,Contenedor_Lleno,15.59
MOV-01333,Contenedor_Lleno,18.38
MOV-01334,Contenedor_Lleno,16.76
MOV-01335,Medio_Contenedor,18.2
MOV-01336,Contenedor_Lleno,19.5
MOV-01337,Contenedor_Lleno,18.1
MOV-01338,Contenedor_Lleno,16.81
MOV-01339,Contenedor_Lleno,14.51
MOV-01340,Contenedor_Lleno,16.47
MOV-01341,Contenedor_Lleno,11.75
MOV-01342,Contenedor_Lleno,18.97
MOV-01343,Contenedor_Lleno,19.83
MOV-01344,Contenedor_Lleno,17.87
MOV-01345,Contenedor_Lleno,16.26
MOV-01346,Contenedor_Lleno,13.48
MOV-01347,Contenedor_Lleno,13.66
MOV-01348,Contenedor_Lleno,20.42
MOV-01349,Contenedor_Lleno,17.81
MOV-01350,Contenedor_Lleno,17.22
MOV-01351,Contenedor_Lleno,17.45
MOV-01352,Contenedor_Lleno,17.83
MOV-01353,Medio_Contenedor,18.0
MOV-01354,Contenedor_Lleno,15.38
MOV-01355,Medio_Contenedor,18.6
MOV-01356,Contenedor_Lleno,18.95
MOV-01357,Contenedor_Lleno,16.67
MOV-01358,Medio_Contenedor,19.71
MOV-01359,Contenedor_Lleno,14.01
MOV-01360,Contenedor_Lleno,14.69
MOV-01361,Contenedor_Lleno,12.43
MOV-01362,Medio_Contenedor,15.51
MOV-01363,Contenedor_Lleno,17.17
MOV-01364,Contenedor_Lleno,14.79
MOV-01365,Medio_Contenedor,17.36
MOV-01366,Contenedor_Lleno,11.41
MOV-01367,Contenedor_Lleno,17.88
MOV-01368,Contenedor_Lleno,14.21
MOV-01369,Contenedor_Lleno,17.97
MOV-01370,Medio_Contenedor,17.98
MOV-01371,Medio_Contenedor,13.92
MOV-01372,Medio_Contenedor,21.29
MOV-01373,Contenedor_Lleno,14.38
MOV-01374,Contenedor_Lleno,11.58
MOV-01375,Contenedor_Lleno,17.61
MOV-01376,Medio_Contenedor,19.39
MOV-01377,Medio_Contenedor,15.75
MOV-01378,Medio_Contenedor,21.75
MOV-01379,Contenedor_Lleno,14.4
MOV-01380,Contenedor_Lleno,16.77
MOV-01381,Contenedor_Lleno,16.27
MOV-01382,Contenedor_Lleno,15.74
MOV-01383,Contenedor_Lleno,18.1
MOV-01384,Contenedor_Lleno,18.11
MOV-01385,Medio_Contenedor,20.04
MOV-01386,Contenedor_Lleno,19.51
MOV-01387,Contenedor_Lleno,17.03
MOV-01388,Contenedor_Lleno,14.16
MOV-01389,Contenedor_Lleno,14.25
MOV-01390,Contenedor_Lleno,14.95
MOV-01391,Medio_Contenedor,14.88
MOV-01392,Medio_Contenedor,18.46
MOV-01393,Medio_Contenedor,20.86
MOV-01394,Contenedor_Lleno,15.23
MOV-01395,Contenedor_Lleno,17.43
MOV-01396,Contenedor_Lleno,17.43
MOV-01397,Contenedor_Lleno,15.31
MOV-01398,Contenedor_Lleno,14.68
MOV-01399,Contenedor_Lleno,11.26
MOV-01400,Contenedor_Lleno,16.34
MOV-01401,Medio_Contenedor,21.55
MOV-01402,Contenedor_Lleno,14.08
MOV-01403,Contenedor_Lleno,19.91
MOV-01404,Contenedor_Lleno,15.23
MOV-01405,Contenedor_Lleno,13.7
MOV-01406,Contenedor_Lleno,12.95
MOV-01407,Contenedor_Lleno,13.6
MOV-01408,Medio_Contenedor,14.63
MOV-01409,Contenedor_Lleno,14.76
MOV-01410,Contenedor_Lleno,16.21
MOV-01411,Contenedor_Lleno,17.47
MOV-01412,Medio_Contenedor,13.8
MOV-01413,Medio_Contenedor,20.47
MOV-01414,Contenedor_Lleno,20.5
MOV-01415,Contenedor_Lleno,17.12
MOV-01416,Contenedor_Lleno,15.73
MOV-01417,Contenedor_Lleno,20.65
MOV-01418,Contenedor_Lleno,15.45
MOV-01419,Contenedor_Lleno,17.67
MOV-01420,Contenedor_Lleno,13.64
MOV-01421,Medio_Contenedor,18.32
MOV-01422,Medio_Contenedor,17.29
MOV-01423,Contenedor_Lleno,18.11
MOV-01424,Medio_Contenedor,16.32
MOV-01425,Contenedor_Lleno,13.99
MOV-01426,Medio_Contenedor,17.61
MOV-01427,Contenedor_Lleno,20.21
MOV-01428,Contenedor_Lleno,15.04
MOV-01429,Contenedor_Lleno,15.98
MOV-01430,Contenedor_Lleno,16.71
MOV-01431,Contenedor_Lleno,16.22
MOV-01432,Contenedor_Lleno,15.98
MOV-01433,Contenedor_Lleno,17.86
MOV-01434,Contenedor_Lleno,10.52
MOV-01435,Contenedor_Lleno,17.81
MOV-01436,Contenedor_Lleno,15.68
MOV-01437,Contenedor_Lleno,14.99
MOV-01438,Medio_Contenedor,20.13
MOV-01439,Contenedor_Lleno,13.08
MOV-01440,Contenedor_Lleno,11.92
MOV-01441,Contenedor_Lleno,19.53
MOV-01442,Contenedor_Lleno,19.12
MOV-01443,Contenedor_Lleno,16.65
MOV-01444,Contenedor_Lleno,18.36
MOV-01445,Medio_Contenedor,20.23
MOV-01446,Medio_Contenedor,16.99
MOV-01447,Contenedor_Lleno,14.43
MOV-01448,Contenedor_Lleno,19.38
MOV-01449,Contenedor_Lleno,15.07
MOV-01450,Contenedor_Lleno,17.68
MOV-01451,Contenedor_Lleno,18.6
MOV-01452,Contenedor_Lleno,18.1
MOV-01453,Contenedor_Lleno,16.95
MOV-01454,Contenedor_Lleno,13.21
MOV-01455,Contenedor_Lleno,14.53
MOV-01456,Contenedor_Lleno,13.1
MOV-01457,Contenedor_Lleno,19.68
MOV-01458,Contenedor_Lleno,17.88
MOV-01459,Medio_Contenedor,22.51
MOV-01460,Medio_Contenedor,15.27
MOV-01461,Contenedor_Lleno,10.96
MOV-01462,Contenedor_Lleno,16.47
MOV-01463,Contenedor_Lleno,16.59
MOV-01464,Contenedor_Lleno,15.93
MOV-01465,Contenedor_Lleno,15.51
MOV-01466,Contenedor_Lleno,17.31
MOV-01467,Contenedor_Lleno,14.8
MOV-01468,Contenedor_Lleno,17.56
MOV-01469,Medio_Contenedor,19.8
MOV-01470,Contenedor_Lleno,17.75
MOV-01471,Contenedor_Lleno,13.93
MOV-01472,Contenedor_Lleno,15.14
MOV-01473,Contenedor_Lleno,15.11
MOV-01474,Medio_Contenedor,13.84
MOV-01475,Contenedor_Lleno,13.52
MOV-01476,Contenedor_Lleno,12.56
MOV-01477,Contenedor_Lleno,21.02
MOV-01478,Medio_Contenedor,24.81
MOV-01479,Medio_Contenedor,15.17
MOV-01480,Medio_Contenedor,21.17
MOV-01481,Contenedor_Lleno,12.95
MOV-01482,Contenedor_Lleno,15.1
MOV-01483,Contenedor_Lleno,18.05
MOV-01484,Contenedor_Lleno,16.3
MOV-01485,Contenedor_Lleno,18.39
MOV-01486,Contenedor_Lleno,15.25
MOV-01487,Contenedor_Lleno,14.0
MOV-01488,Contenedor_Lleno,20.04
MOV-01489,Contenedor_Lleno,15.36
MOV-01490,Contenedor_Lleno,17.32
MOV-01491,Contenedor_Lleno,16.85
MOV-01492,Medio_Contenedor,18.91
MOV-01493,Contenedor_Lleno,17.18
MOV-01494,Medio_Contenedor,22.13
MOV-01495,Contenedor_Lleno,12.13
MOV-01496,Contenedor_Lleno,13.73
MOV-01497,Medio_Contenedor,20.68
MOV-01498,Medio_Contenedor,20.04
MOV-01499,Contenedor_Lleno,17.37
MOV-01500,Contenedor_Lleno,17.71
MOV-01501,Contenedor_Lleno,17.5
MOV-01502,Medio_Contenedor,21.44
MOV-01503,Contenedor_Lleno,16.69
MOV-01504,Contenedor_Lleno,14.8
MOV-01505,Contenedor_Lleno,17.77
MOV-01506,Medio_Contenedor,15.72
MOV-01507,Contenedor_Lleno,12.15
MOV-01508,Contenedor_Lleno,17.74
MOV-01509,Contenedor_Lleno,15.3
MOV-01510,Contenedor_Lleno,15.19
MOV-01511,Contenedor_Lleno,13.98
MOV-01512,Contenedor_Lleno,17.39
MOV-01513,Contenedor_Lleno,14.71
MOV-01514,Contenedor_Lleno,17.58
MOV-01515,Contenedor_Lleno,16.58
MOV-01516,Contenedor_Lleno,17.43
MOV-01517,Medio_Contenedor,20.36
MOV-01518,Contenedor_Lleno,14.75
MOV-01519,Contenedor_Lleno,12.35
MOV-01520,Medio_Contenedor,14.38
MOV-01521,Contenedor_Lleno,16.73
MOV-01522,Contenedor_Lleno,11.79
MOV-01523,Medio_Contenedor,14.5
MOV-01524,Contenedor_Lleno,19.19
MOV-01525,Medio_Contenedor,14.61
MOV-01526,Contenedor_Lleno,17.88
MOV-01527,Contenedor_Lleno,17.97
MOV-01528,Contenedor_Lleno,14.1
MOV-01529,Contenedor_Lleno,14.81
MOV-01530,Contenedor_Lleno,18.76
MOV-01531,Contenedor_Lleno,10.66
MOV-01532,Contenedor_Lleno,19.71
MOV-01533,Contenedor_Lleno,19.82
MOV-01534,Contenedor_Lleno,15.24
MOV-01535,Contenedor_Lleno,11.77
MOV-01536,Medio_Contenedor,20.74
MOV-01537,Contenedor_Lleno,14.17
MOV-01538,Contenedor_Lleno,14.61
MOV-01539,Contenedor_Lleno,14.34
MOV-01540,Medio_Contenedor,14.92
MOV-01541,Contenedor_Lleno,11.56
MOV-01542,Contenedor_Lleno,17.47
MOV-01543,Medio_Contenedor,22.78
MOV-01544,Contenedor_Lleno,20.02
MOV-01545,Contenedor_Lleno,19.75
MOV-01546,Contenedor_Lleno,12.99
MOV-01547,Medio_Contenedor,12.42
MOV-01548,Contenedor_Lleno,13.35
MOV-01549,Contenedor_Lleno,14.56
MOV-01550,Contenedor_Lleno,14.88
MOV-01551,Contenedor_Lleno,19.65
MOV-01552,Contenedor_Lleno,15.87
MOV-01553,Contenedor_Lleno,16.29
MOV-01554,Contenedor_Lleno,15.99
MOV-01555,Medio_Contenedor,15.59
MOV-01556,Contenedor_Lleno,15.51
MOV-01557,Medio_Contenedor,18.86
MOV-01558,Contenedor_Lleno,13.53
MOV-01559,Contenedor_Lleno,19.28
MOV-01560,Contenedor_Lleno,12.17
MOV-01561,Contenedor_Lleno,11.82
MOV-01562,Contenedor_Lleno,15.29
MOV-01563,Contenedor_Lleno,18.0
MOV-01564,Contenedor_Lleno,17.26
MOV-01565,Contenedor_Lleno,15.61
MOV-01566,Contenedor_Lleno,15.75
MOV-01567,Contenedor_Lleno,21.55
MOV-01568,Contenedor_Lleno,20.6
MOV-01569,Medio_Contenedor,23.46
MOV-01570,Contenedor_Lleno,19.41
MOV-01571,Contenedor_Lleno,13.04
MOV-01572,Contenedor_Lleno,14.59
MOV-01573,Contenedor_Lleno,11.5
MOV-01574,Contenedor_Lleno,19.75
MOV-01575,Contenedor_Lleno,15.55
MOV-01576,Contenedor_Lleno,15.84
MOV-01577,Contenedor_Lleno,13.37
MOV-01578,Medio_Contenedor,19.4
MOV-01579,Contenedor_Lleno,13.73
MOV-01580,Contenedor_Lleno,13.11
MOV-01581,Medio_Contenedor,20.42
MOV-01582,Contenedor_Lleno,15.63
MOV-01583,Contenedor_Lleno,12.27
MOV-01584,Contenedor_Lleno,14.99
MOV-01585,Contenedor_Lleno,16.96
MOV-01586,Medio_Contenedor,20.58
MOV-01587,Contenedor_Lleno,16.71
MOV-01588,Contenedor_Lleno,14.67
MOV-01589,Contenedor_Lleno,19.41
MOV-01590,Contenedor_Lleno,18.46
MOV-01591,Medio_Contenedor,21.1
MOV-01592,Medio_Contenedor,20.87
MOV-01593,Medio_Contenedor,16.03
MOV-01594,Medio_Contenedor,19.47
MOV-01595,Contenedor_Lleno,12.64
MOV-01596,Contenedor_Lleno,14.1
MOV-01597,Contenedor_Lleno,10.3
MOV-01598,Contenedor_Lleno,15.93
MOV-01599,Contenedor_Lleno,15.0
MOV-01600,Contenedor_Lleno,18.53
MOV-01601,Contenedor_Lleno,12.44
MOV-01602,Contenedor_Lleno,11.64
MOV-01603,Contenedor_Lleno,16.5
MOV-01604,Contenedor_Lleno,14.57
MOV-01605,Contenedor_Lleno,18.63
MOV-01606,Contenedor_Lleno,13.8
MOV-01607,Contenedor_Lleno,18.21
MOV-01608,Contenedor_Lleno,18.44
MOV-01609,Medio_Contenedor,19.01
MOV-01610,Contenedor_Lleno,17.0
MOV-01611,Contenedor_Lleno,16.44
MOV-01612,Medio_Contenedor,14.36
MOV-01613,Contenedor_Lleno,14.82
MOV-01614,Medio_Contenedor,17.48
MOV-01615,Contenedor_Lleno,13.94
MOV-01616,Contenedor_Lleno,18.74
MOV-01617,Contenedor_Lleno,12.63
MOV-01618,Medio_Contenedor,18.42
MOV-01619,Contenedor_Lleno,17.23
MOV-01620,Contenedor_Lleno,14.36
MOV-01621,Contenedor_Lleno,16.4
MOV-01622,Contenedor_Lleno,18.41
MOV-01623,Contenedor_Lleno,10.71
MOV-01624,Contenedor_Lleno,18.36
MOV-01625,Contenedor_Lleno,19.76
MOV-01626,Contenedor_Lleno,15.75
MOV-01627,Contenedor_Lleno,15.21
MOV-01628,Contenedor_Lleno,14.16
MOV-01629,Contenedor_Lleno,16.24
MOV-01630,Contenedor_Lleno,19.75
MOV-01631,Contenedor_Lleno,14.35
MOV-01632,Contenedor_Lleno,15.35
MOV-01633,Contenedor_Lleno,20.21
MOV-01634,Contenedor_Lleno,12.22
MOV-01635,Contenedor_Lleno,15.58
MOV-01636,Contenedor_Lleno,13.23
MOV-01637,Contenedor_Lleno,16.74
MOV-01638,Medio_Contenedor,14.99
MOV-01639,Contenedor_Lleno,18.39
MOV-01640,Medio_Contenedor,17.55
MOV-01641,Contenedor_Lleno,13.12
MOV-01642,Contenedor_Lleno,14.79
MOV-01643,Contenedor_Lleno,15.23
MOV-01644,Medio_Contenedor,19.73
MOV-01645,Contenedor_Lleno,10.75
MOV-01646,Contenedor_Lleno,13.97
MOV-01647,Medio_Contenedor,18.58
MOV-01648,Contenedor_Lleno,15.73
MOV-01649,Contenedor_Lleno,20.65
MOV-01650,Medio_Contenedor,20.31
MOV-01651,Contenedor_Lleno,11.91
MOV-01652,Contenedor_Lleno,13.79
MOV-01653,Contenedor_Lleno,17.81
MOV-01654,Contenedor_Lleno,15.53
MOV-01655,Contenedor_Lleno,11.72
MOV-01656,Contenedor_Lleno,13.59
MOV-01657,Contenedor_Lleno,17.4
MOV-01658,Contenedor_Lleno,18.56
MOV-01659,Contenedor_Lleno,13.01
MOV-01660,Contenedor_Lleno,16.61
MOV-01661,Contenedor_Lleno,14.47
MOV-01662,Contenedor_Lleno,14.96
MOV-01663,Contenedor_Lleno,16.03
MOV-01664,Contenedor_Lleno,20.07
MOV-01665,Contenedor_Lleno,12.29
MOV-01666,Contenedor_Lleno,13.45
MOV-01667,Contenedor_Lleno,11.72
MOV-01668,Contenedor_Lleno,12.72
MOV-01669,Contenedor_Lleno,13.51
MOV-01670,Contenedor_Lleno,14.73
MOV-01671,Contenedor_Lleno,17.97
MOV-01672,Medio_Contenedor,14.92
MOV-01673,Contenedor_Lleno,16.91
MOV-01674,Medio_Contenedor,16.19
MOV-01675,Contenedor_Lleno,17.21
MOV-01676,Contenedor_Lleno,14.38
MOV-01677,Contenedor_Lleno,15.83
MOV-01678,Contenedor_Lleno,17.15
MOV-01679,Medio_Contenedor,15.87
MOV-01680,Contenedor_Lleno,19.4
MOV-01681,Contenedor_Lleno,10.63
MOV-01682,Contenedor_Lleno,21.39
MOV-01683,Contenedor_Lleno,16.73
MOV-01684,Contenedor_Lleno,16.55
MOV-01685,Medio_Contenedor,22.84
MOV-01686,Contenedor_Lleno,21.56
MOV-01687,Contenedor_Lleno,11.36
MOV-01688,Contenedor_Lleno,16.25
MOV-01689,Contenedor_Lleno,14.31
MOV-01690,Contenedor_Lleno,15.4
MOV-01691,Contenedor_Lleno,18.01
MOV-01692,Contenedor_Lleno,15.19
MOV-01693,Contenedor_Lleno,16.6
MOV-01694,Contenedor_Lleno,13.83
MOV-01695,Contenedor_Lleno,16.72
MOV-01696,Contenedor_Lleno,11.95
MOV-01697,Medio_Contenedor,16.55
MOV-01698,Contenedor_Lleno,14.8
MOV-01699,Contenedor_Lleno,14.42
MOV-01700,Contenedor_Lleno,20.58
MOV-01701,Contenedor_Lleno,12.93
MOV-01702,Contenedor_Lleno,13.35
MOV-01703,Contenedor_Lleno,14.5
MOV-01704,Contenedor_Lleno,16.97
MOV-01705,Contenedor_Lleno,15.84
MOV-01706,Contenedor_Lleno,12.2
MOV-01707,Contenedor_Lleno,10.94
MOV-01708,Medio_Contenedor,18.5
MOV-01709,Contenedor_Lleno,17.44
MOV-01710,Contenedor_Lleno,16.08
MOV-01711,Contenedor_Lleno,20.09
MOV-01712,Contenedor_Lleno,13.21
MOV-01713,Contenedor_Lleno,21.42
MOV-01714,Medio_Contenedor,16.96
MOV-01715,Contenedor_Lleno,14.29
MOV-01716,Medio_Contenedor,16.44
MOV-01717,Contenedor_Lleno,13.79
MOV-01718,Contenedor_Lleno,19.67
MOV-01719,Contenedor_Lleno,13.12
MOV-01720,Contenedor_Lleno,14.16
MOV-01721,Contenedor_Lleno,17.97
MOV-01722,Contenedor_Lleno,19.2
MOV-01723,Medio_Contenedor,19.62
MOV-01724,Contenedor_Lleno,12.57
MOV-01725,Contenedor_Lleno,16.83
MOV-01726,Medio_Contenedor,17.99
MOV-01727,Contenedor_Lleno,14.62
MOV-01728,Contenedor_Lleno,11.47
MOV-01729,Contenedor_Lleno,20.23
MOV-01730,Contenedor_Lleno,16.32
MOV-01731,Contenedor_Lleno,12.9
MOV-01732,Contenedor_Lleno,11.67
MOV-01733,Contenedor_Lleno,13.52
MOV-01734,Contenedor_Lleno,12.4
MOV-01735,Contenedor_Lleno,19.83
MOV-01736,Contenedor_Lleno,17.91
MOV-01737,Contenedor_Lleno,16.45
MOV-01738,Contenedor_Lleno,12.28
MOV-01739,Contenedor_Lleno,17.53
MOV-01740,Contenedor_Lleno,14.4
MOV-01741,Medio_Contenedor,16.06
MOV-01742,Medio_Contenedor,16.15
MOV-01743,Contenedor_Lleno,14.26
MOV-01744,Contenedor_Lleno,17.7
MOV-01745,Contenedor_Lleno,20.34
MOV-01746,Contenedor_Lleno,11.88
MOV-01747,Medio_Contenedor,23.28
MOV-01748,Medio_Contenedor,14.66
MOV-01749,Medio_Contenedor,17.5
MOV-01750,Medio_Contenedor,15.74
MOV-01751,Contenedor_Lleno,17.62
MOV-01752,Contenedor_Lleno,14.95
MOV-01753,Contenedor_Lleno,20.84
MOV-01754,Contenedor_Lleno,15.94
MOV-01755,Contenedor_Lleno,14.52
MOV-01756,Medio_Contenedor,19.69
MOV-01757,Contenedor_Lleno,10.82
MOV-01758,Contenedor_Lleno,13.44
MOV-01759,Medio_Contenedor,14.68
MOV-01760,Contenedor_Lleno,18.46
MOV-01761,Contenedor_Lleno,13.17
MOV-01762,Contenedor_Lleno,17.72
MOV-01763,Contenedor_Lleno,20.02
MOV-01764,Contenedor_Lleno,10.62
MOV-01765,Contenedor_Lleno,14.77
MOV-01766,Medio_Contenedor,19.66
MOV-01767,Contenedor_Lleno,15.61
MOV-01768,Contenedor_Lleno,15.04
MOV-01769,Contenedor_Lleno,14.86
MOV-01770,Contenedor_Lleno,15.42
MOV-01771,Contenedor_Lleno,18.74
MOV-01772,Medio_Contenedor,12.52
MOV-01773,Contenedor_Lleno,15.28
MOV-01774,Contenedor_Lleno,17.71
MOV-01775,Contenedor_Lleno,15.8
MOV-01776,Contenedor_Lleno,16.69
MOV-01777,Medio_Contenedor,15.51
MOV-01778,Medio_Contenedor,18.18
MOV-01779,Contenedor_Lleno,15.98
MOV-01780,Contenedor_Lleno,16.52
MOV-01781,Contenedor_Lleno,18.89
MOV-01782,Contenedor_Lleno,12.59
MOV-01783,Contenedor_Lleno,21.09
MOV-01784,Contenedor_Lleno,16.38
MOV-01785,Contenedor_Lleno,12.31
MOV-01786,Contenedor_Lleno,14.7
MOV-01787,Contenedor_Lleno,11.67
MOV-01788,Medio_Contenedor,21.37
MOV-01789,Contenedor_Lleno,14.18
MOV-01790,Medio_Contenedor,19.85
MOV-01791,Medio_Contenedor,16.05
MOV-01792,Contenedor_Lleno,16.67
MOV-01793,Contenedor_Lleno,13.15
MOV-01794,Medio_Contenedor,15.9
MOV-01795,Contenedor_Lleno,19.08
MOV-01796,Contenedor_Lleno,14.15
MOV-01797,Contenedor_Lleno,18.91
MOV-01798,Contenedor_Lleno,20.08
MOV-01799,Medio_Contenedor,19.04
MOV-01800,Contenedor_Lleno,11.41
MOV-01801,Contenedor_Lleno,15.06
MOV-01802,Contenedor_Lleno,16.84
MOV-01803,Contenedor_Lleno,15.26
MOV-01804,Contenedor_Lleno,14.23
MOV-01805,Medio_Contenedor,17.48
MOV-01806,Medio_Contenedor,20.71
MOV-01807,Contenedor_Lleno,18.11
MOV-01808,Contenedor_Lleno,13.28
MOV-01809,Contenedor_Lleno,19.95
MOV-01810,Contenedor_Lleno,18.75
MOV-01811,Contenedor_Lleno,17.54
MOV-01812,Contenedor_Lleno,14.43
MOV-01813,Contenedor_Lleno,18.23
MOV-01814,Medio_Contenedor,17.91
MOV-01815,Contenedor_Lleno,14.5
MOV-01816,Contenedor_Lleno,10.41
MOV-01817,Contenedor_Lleno,11.54
MOV-01818,Contenedor_Lleno,16.42
MOV-01819,Contenedor_Lleno,15.39
MOV-01820,Contenedor_Lleno,14.85
MOV-01821,Contenedor_Lleno,21.51
MOV-01822,Contenedor_Lleno,16.67
MOV-01823,Contenedor_Lleno,10.81
MOV-01824,Contenedor_Lleno,19.59
MOV-01825,Contenedor_Lleno,11.61
MOV-01826,Contenedor_Lleno,15.47
MOV-01827,Contenedor_Lleno,16.11
MOV-01828,Medio_Contenedor,24.44
MOV-01829,Contenedor_Lleno,14.15
MOV-01830,Contenedor_Lleno,18.48
MOV-01831,Contenedor_Lleno,13.25
MOV-01832,Contenedor_Lleno,18.35
MOV-01833,Medio_Contenedor,20.67
MOV-01834,Contenedor_Lleno,11.58
MOV-01835,Contenedor_Lleno,17.28
MOV-01836,Contenedor_Lleno,13.23
MOV-01837,Contenedor_Lleno,16.76
MOV-01838,Contenedor_Lleno,19.69
MOV-01839,Contenedor_Lleno,11.5
MOV-01840,Contenedor_Lleno,17.5
MOV-01841,Contenedor_Lleno,13.22
MOV-01842,Contenedor_Lleno,17.36
MOV-01843,Contenedor_Lleno,17.12
MOV-01844,Contenedor_Lleno,15.81
MOV-01845,Contenedor_Lleno,14.46
MOV-01846,Medio_Contenedor,20.34
MOV-01847,Contenedor_Lleno,13.85
MOV-01848,Medio_Contenedor,19.95
MOV-01849,Contenedor_Lleno,18.46
MOV-01850,Contenedor_Lleno,12.77
MOV-01851,Contenedor_Lleno,13.77
MOV-01852,Contenedor_Lleno,12.85
MOV-01853,Contenedor_Lleno,19.92
MOV-01854,Medio_Contenedor,17.56
MOV-01855,Contenedor_Lleno,15.65
MOV-01856,Contenedor_Lleno,19.6
MOV-01857,Contenedor_Lleno,14.62
MOV-01858,Contenedor_Lleno,18.44
MOV-01859,Contenedor_Lleno,16.26
MOV-01860,Contenedor_Lleno,14.94
MOV-01861,Contenedor_Lleno,16.75
MOV-01862,Contenedor_Lleno,16.03
MOV-01863,Contenedor_Lleno,13.54
MOV-01864,Contenedor_Lleno,17.09
MOV-01865,Contenedor_Lleno,16.9
MOV-01866,Contenedor_Lleno,17.1
MOV-01867,Medio_Contenedor,19.41
MOV-01868,Contenedor_Lleno,17.55
MOV-01869,Contenedor_Lleno,16.21
MOV-01870,Contenedor_Lleno,14.73
MOV-01871,Contenedor_Lleno,16.27
MOV-01872,Medio_Contenedor,20.89
MOV-01873,Contenedor_Lleno,15.55
MOV-01874,Contenedor_Lleno,12.08
MOV-01875,Contenedor_Lleno,18.85
MOV-01876,Contenedor_Lleno,15.97
MOV-01877,Contenedor_Lleno,15.29
MOV-01878,Contenedor_Lleno,13.31
MOV-01879,Medio_Contenedor,18.85
MOV-01880,Contenedor_Lleno,12.2
MOV-01881,Contenedor_Lleno,16.12
MOV-01882,Contenedor_Lleno,16.76
MOV-01883,Contenedor_Lleno,12.37
MOV-01884,Contenedor_Lleno,17.97
MOV-01885,Contenedor_Lleno,13.15
MOV-01886,Medio_Contenedor,20.55
MOV-01887,Contenedor_Lleno,13.51
MOV-01888,Contenedor_Lleno,14.5
MOV-01889,Contenedor_Lleno,11.78
MOV-01890,Contenedor_Lleno,15.87
MOV-01891,Contenedor_Lleno,11.86
MOV-01892,Contenedor_Lleno,15.66
MOV-01893,Contenedor_Lleno,18.35
MOV-01894,Contenedor_Lleno,17.95
MOV-01895,Contenedor_Lleno,15.64
MOV-01896,Medio_Contenedor,13.47
MOV-01897,Contenedor_Lleno,14.16
MOV-01898,Medio_Contenedor,20.49
MOV-01899,Medio_Contenedor,20.15
MOV-01900,Contenedor_Lleno,17.29
MOV-01901,Contenedor_Lleno,13.45
MOV-01902,Contenedor_Lleno,14.72
MOV-01903,Contenedor_Lleno,15.92
MOV-01904,Contenedor_Lleno,15.97
MOV-01905,Contenedor_Lleno,16.42
MOV-01906,Contenedor_Lleno,15.75
MOV-01907,Contenedor_Lleno,17.31
MOV-01908,Contenedor_Lleno,20.34
MOV-01909,Contenedor_Lleno,18.27
MOV-01910,Contenedor_Lleno,16.33
MOV-01911,Contenedor_Lleno,14.11
MOV-01912,Contenedor_Lleno,15.44
MOV-01913,Contenedor_Lleno,17.32
MOV-01914,Contenedor_Lleno,14.21
MOV-01915,Contenedor_Lleno,13.31
MOV-01916,Contenedor_Lleno,12.88
MOV-01917,Contenedor_Lleno,16.37
MOV-01918,Medio_Contenedor,22.24
MOV-01919,Contenedor_Lleno,13.77
MOV-01920,Contenedor_Lleno,18.72
MOV-01921,Contenedor_Lleno,18.61
MOV-01922,Contenedor_Lleno,14.31
MOV-01923,Contenedor_Lleno,16.84
MOV-01924,Contenedor_Lleno,14.67
MOV-01925,Contenedor_Lleno,16.03
MOV-01926,Contenedor_Lleno,20.17
MOV-01927,Contenedor_Lleno,19.05
MOV-01928,Contenedor_Lleno,15.27
MOV-01929,Contenedor_Lleno,19.08
MOV-01930,Contenedor_Lleno,10.91
MOV-01931,Contenedor_Lleno,20.85
MOV-01932,Medio_Contenedor,19.26
MOV-01933,Contenedor_Lleno,16.03
MOV-01934,Contenedor_Lleno,14.89
MOV-01935,Contenedor_Lleno,18.43
MOV-01936,Contenedor_Lleno,15.34
MOV-01937,Medio_Contenedor,15.35
MOV-01938,Medio_Contenedor,20.33
MOV-01939,Medio_Contenedor,19.53
MOV-01940,Medio_Contenedor,21.2
MOV-01941,Medio_Contenedor,17.31
MOV-01942,Medio_Contenedor,17.46
MOV-01943,Medio_Contenedor,15.78
MOV-01944,Contenedor_Lleno,15.98
MOV-01945,Contenedor_Lleno,17.12
MOV-01946,Contenedor_Lleno,17.63
MOV-01947,Medio_Contenedor,17.88
MOV-01948,Contenedor_Lleno,13.58
MOV-01949,Contenedor_Lleno,16.2
MOV-01950,Contenedor_Lleno,11.71
MOV-01951,Contenedor_Lleno,21.0
MOV-01952,Contenedor_Lleno,17.54
MOV-01953,Contenedor_Lleno,15.32
MOV-01954,Contenedor_Lleno,16.72
MOV-01955,Contenedor_Lleno,17.66
MOV-01956,Contenedor_Lleno,15.09
MOV-01957,Contenedor_Lleno,17.25
MOV-01958,Contenedor_Lleno,19.11
MOV-01959,Medio_Contenedor,20.05
MOV-01960,Contenedor_Lleno,15.31
MOV-01961,Contenedor_Lleno,13.66
MOV-01962,Contenedor_Lleno,13.86
MOV-01963,Contenedor_Lleno,16.96
MOV-01964,Medio_Contenedor,17.53
MOV-01965,Medio_Contenedor,17.29
MOV-01966,Contenedor_Lleno,21.01
MOV-01967,Contenedor_Lleno,11.91
MOV-01968,Contenedor_Lleno,11.14
MOV-01969,Contenedor_Lleno,21.08
MOV-01970,Contenedor_Lleno,15.18
MOV-01971,Contenedor_Lleno,13.94
MOV-01972,Contenedor_Lleno,16.25
MOV-01973,Medio_Contenedor,19.73
MOV-01974,Medio_Contenedor,21.91
MOV-01975,Contenedor_Lleno,13.2
MOV-01976,Contenedor_Lleno,14.73
MOV-01977,Contenedor_Lleno,17.7
MOV-01978,Medio_Contenedor,20.79
MOV-01979,Contenedor_Lleno,12.5
MOV-01980,Contenedor_Lleno,15.52
MOV-01981,Contenedor_Lleno,14.48
MOV-01982,Contenedor_Lleno,17.12
MOV-01983,Contenedor_Lleno,17.67
MOV-01984,Contenedor_Lleno,21.17
MOV-01985,Contenedor_Lleno,15.94
MOV-01986,Contenedor_Lleno,15.54
MOV-01987,Contenedor_Lleno,17.9
MOV-01988,Contenedor_Lleno,18.17
MOV-01989,Contenedor_Lleno,14.13
MOV-01990,Contenedor_Lleno,17.13
MOV-01991,Contenedor_Lleno,17.72
MOV-01992,Medio_Contenedor,17.68
MOV-01993,Contenedor_Lleno,11.38
MOV-01994,Medio_Contenedor,16.01
MOV-01995,Medio_Contenedor,23.19
MOV-01996,Contenedor_Lleno,17.12
MOV-01997,Contenedor_Lleno,12.34
MOV-01998,Medio_Contenedor,19.03
MOV-01999,Contenedor_Lleno,14.74
MOV-02000,Medio_Contenedor,22.86
